"","logFC","logCPM","F","PValue","FDR"
"1717",7.13255122603179,9.98389498266233,419.242971354437,5.83871021216573e-08,4.22722619360799e-05
"490",6.13150712419975,8.54181971983726,197.215904449879,9.90126370035419e-07,0.000293890270923963
"74",10.4262398584919,9.12086765150724,379.022256482512,1.21777736570703e-06,0.000293890270923963
"2500",4.10585160992624,9.59233090735353,208.568968900313,1.87142963047091e-06,0.000332346515638261
"1027",-5.26297996154102,6.42119900294301,154.501232325141,2.92185291515485e-06,0.000332346515638261
"2322",4.55057758465009,8.66252440303588,177.226944494959,3.1153102887415e-06,0.000332346515638261
"1528",5.0487832189357,8.52047763129038,174.32974238167,3.21329504070142e-06,0.000332346515638261
"2076",6.32348018240847,7.43484584151372,100.687195197548,5.16323649210194e-06,0.000419693581971306
"1111",9.62468564767763,8.35956558589587,224.4890434855,5.67977400289898e-06,0.000419693581971306
"1212",-3.95544826555788,9.12002336982229,148.040191703089,6.01802913202176e-06,0.000419693581971306
"1334",9.23049504332474,8.15781345338801,210.6865706059,6.83844936442442e-06,0.000419693581971306
"1353",8.87326800075307,7.69361913171959,206.410740613465,7.26360665432413e-06,0.000419693581971306
"1317",3.0377762947634,10.0388136387776,137.56960771979,7.53593448291019e-06,0.000419693581971306
"2298",3.81332524258432,7.28273305037581,126.355115658946,8.86906248023966e-06,0.000458657231120965
"948",3.48705738932348,8.24795855953918,116.619338849564,1.34183157824876e-05,0.000608243743747172
"699",-2.80858630458495,9.12270109907009,115.597824767482,1.34418506905452e-05,0.000608243743747172
"1560",2.78887824247771,8.41597367026706,109.950135074319,1.60046422633569e-05,0.000633275582770702
"266",3.30036811919946,10.6708779148932,108.496607694962,1.6590530547691e-05,0.000633275582770702
"1708",2.94252116619396,9.49377416530118,108.471496824662,1.66191105975737e-05,0.000633275582770702
"901",8.08788602909148,6.90704937812276,145.094715351089,2.0254555242687e-05,0.00073321489978527
"1208",-3.657391832835,7.14157719525028,83.0728708022645,2.56681206499088e-05,0.000870383337299405
"2430",-3.15882913691327,9.39850470849488,94.1461538781141,2.64481124593742e-05,0.000870383337299405
"1378",-2.32899514915405,8.5614212347861,92.5963764303204,2.79652526207449e-05,0.000880297517279099
"764",9.09268401845694,7.78293475369614,126.047481466795,3.03289281620778e-05,0.00091492266622268
"2934",2.98326516175872,8.55056835150243,89.182688653626,3.20101645551845e-05,0.000927014365518144
"1838",-2.36256562433783,9.67223711509384,87.3425168002839,3.37801858263661e-05,0.000931232076204863
"1696",8.3751274881459,7.3062968033623,120.075215943169,3.48852562257376e-05,0.000931232076204863
"1917",-3.45452970046205,10.5315502195657,85.6451413002596,3.60145001847185e-05,0.000931232076204863
"1963",-6.41033661572895,6.95425397335846,62.3074841059722,4.36535944941367e-05,0.00108983456599155
"1256",7.7774869551973,6.98666244709045,109.028713865788,4.6021953153164e-05,0.0011008795414888
"2962",6.12947492104638,7.27583509737045,56.6979800468367,4.71371074394378e-05,0.0011008795414888
"1716",5.70283267328173,6.61743571618627,55.2258382198834,5.27858601405267e-05,0.00118093788525355
"2340",7.48715940664818,6.73369622757864,103.235902813458,5.3827279300231e-05,0.00118093788525355
"1094",3.64842208554575,6.49383000397518,66.3364444674784,6.26859581425045e-05,0.0013348421675051
"1199",-5.9921007700341,6.68295184438252,57.3191211223029,6.53186390814328e-05,0.00135116270557021
"1159",5.10764083377909,6.45998791030268,53.776796352004,7.23110299707037e-05,0.00145425515829971
"2108",-2.32587561354362,9.84571804045037,67.8423852569116,7.64686124009392e-05,0.00146797315546523
"67",-3.00462983824751,7.56190272535424,68.0918029047671,7.70483147896115e-05,0.00146797315546523
"858",2.39394341706263,7.73973781388996,67.0554164453187,8.05183283197454e-05,0.00149475050521784
"2468",3.7716934831866,8.0597216060974,63.0789057339022,9.70332396731092e-05,0.00175630163808328
"615",5.71787623186286,6.71507526790693,46.3695387060723,9.97871026522497e-05,0.00176209420293241
"198",1.89432960724608,9.32020430103446,59.445482007142,0.000116537250615391,0.00198542368231218
"1742",2.80623537515028,6.47492702829006,58.1803934763945,0.000120583203418337,0.00198542368231218
"920",1.92460117516672,9.27870863665305,58.7957299929826,0.000120661107764828,0.00198542368231218
"1851",1.91704119421376,9.30196887717692,58.2139997393269,0.000124506821228287,0.00200148716019693
"2863",2.07332619905536,8.10928724786934,57.9119374539209,0.00012716631128323,0.00200148716019693
"282",2.14778285597906,7.58528358999581,55.5704187176655,0.000145897544008138,0.00223805863147267
"1202",3.21677392986898,6.56761339540959,40.4992324710661,0.000150638257661826,0.00223805863147267
"390",2.58970737362891,7.42220182718525,54.9881221923468,0.000151857801690953,0.00223805863147267
"1843",3.54983831308443,6.74298246095258,52.1400336164284,0.000155111539692685,0.00223805863147267
"2166",3.03951030992534,6.40597330904006,54.0938825277561,0.000157653301388268,0.00223805863147267
"2959",-3.43172091711217,6.26885760647294,53.633367583845,0.000166641174578807,0.00231912292131209
"830",2.89922503864071,6.41414580392876,50.5490201922159,0.000169770048107101,0.00231912292131209
"1122",4.72053774588249,7.07869219743064,40.1860166725274,0.000199492162649468,0.0026651242476464
"1292",2.88481594902282,6.41708418583191,50.14320266819,0.000202461096160984,0.0026651242476464
"2149",-2.80675916528342,7.04826245611478,48.3084409202282,0.000226428734781892,0.00292740007110875
"524",-1.69949002985038,8.86055579197037,47.6248403109593,0.000233251961151606,0.00296270912059233
"1689",3.12229589307882,6.56416321420522,46.1474394255238,0.000247631201847094,0.00309112051960855
"2846",3.22321171111483,6.18665173450026,45.0466773323674,0.0002605872140261,0.00317766418083121
"1749",-2.16435073562529,6.50854428259246,46.0652816781419,0.000263342335428001,0.00317766418083121
"2299",3.09006556888939,6.50122407902657,44.0812325908706,0.000275122883768319,0.00323000530033709
"1206",-1.99037639460478,9.01969457534566,44.3217642241508,0.000291116132577318,0.00323000530033709
"1544",3.41807345355984,7.33766710207202,43.9632071985217,0.000293913300436239,0.00323000530033709
"2933",3.22762738343492,7.02222637037121,43.957343567253,0.000297658877976357,0.00323000530033709
"2369",3.54724595415371,6.81057558750908,43.7675212083105,0.000298117863564288,0.00323000530033709
"1909",-1.61990114035983,8.4047043409977,43.9745778724228,0.000298522713730012,0.00323000530033709
"1945",2.40337327780416,7.1826378927969,44.031789578071,0.000301972220323824,0.00323000530033709
"2177",-2.23916820806198,6.64273621015202,44.0044271983097,0.000303370663567572,0.00323000530033709
"2546",-2.1464365704451,6.73002690259113,43.4219425830152,0.000314038626193609,0.0032951299328141
"2271",1.89912247571796,7.94456229499964,42.5715308795254,0.000330998311877464,0.00336171010447742
"1955",2.19076155707577,7.14267041403459,42.6270930610011,0.000332840064374023,0.00336171010447742
"1269",7.45736865517097,6.49024802776662,53.7120468631203,0.000334313712047479,0.00336171010447742
"1168",1.92526044339558,8.59686952327859,41.95207969312,0.000344822126015899,0.00341987971555494
"2018",-1.67191804462705,7.99328925602498,41.7101985530361,0.000351051712105208,0.00342486011946839
"1213",-2.61746296172052,6.54273792824097,41.2189081835102,0.000354785233370344,0.00342486011946839
"2052",-2.07210928331207,6.56743468549977,41.2692539856232,0.000365518559212636,0.00346801964367069
"1224",-2.98443337747628,8.67427049111479,41.1135554363572,0.000368836343318568,0.00346801964367069
"2499",1.94329143877303,8.36735660443051,40.7227611835356,0.000377648262545775,0.00347898888021187
"2637",2.31068741336311,6.64309089031128,41.0857915185035,0.00037961342753693,0.00347898888021187
"2022",-2.34549040857775,11.9356694791426,39.9905242840228,0.00039815758959715,0.00360332618585421
"918",1.72883681247298,9.95015293199618,39.4499471278735,0.000414984570910181,0.00365665085480897
"1336",-3.10592440467836,12.0735256183527,39.3693431254942,0.00041747944716179,0.00365665085480897
"4",1.7213122431824,9.94295589670634,39.1772441075661,0.000423778638592725,0.00365665085480897
"5",1.7213122431824,9.94140879201566,39.1156164424874,0.000425799138430031,0.00365665085480897
"2308",1.72516357613975,9.94929698436156,39.0096317130246,0.00042930293184912,0.00365665085480897
"2463",2.79734238901212,9.39026322070515,38.124032951384,0.000460640517771774,0.00387206846701912
"1069",1.68380922095537,9.9781936609636,37.8594633418933,0.000469812644043796,0.00387206846701912
"2088",1.66486632463323,9.99080657296845,37.8373478852269,0.000470638156212269,0.00387206846701912
"480",1.69073805016159,9.99237565362058,37.3045902713782,0.00049112407642362,0.0039952115879854
"195",-1.51811789620827,8.04577508541724,37.0023652640587,0.000503834330620559,0.00403668609033853
"1447",1.6778381662054,9.98443485431949,36.9019370272796,0.00050737352792929,0.00403668609033853
"2381",-2.58165079627243,6.9413501942467,36.7291386261714,0.000526137884908244,0.00412536278935482
"1855",1.61313415986226,9.97324438543585,36.3700147735445,0.000529915385925411,0.00412536278935482
"355",-2.03898352574968,6.96196334597682,36.189949424132,0.000548081624925792,0.00422139464304547
"1462",2.12942894689764,6.7595134811724,35.9073470145682,0.000557302631976803,0.00424723269001269
"2220",1.51722273057019,9.74400268035725,34.465457806273,0.000622057898654748,0.00466459340688701
"2867",2.13627988876704,8.70416974756705,34.4325153014901,0.00062495243158569,0.00466459340688701
"2519",5.89676072580967,5.94602165906642,42.3703112953822,0.000641383565226135,0.00468476975009396
"2378",-1.92367303781754,6.81743554290799,34.3105662446695,0.000642259222422568,0.00468476975009396
"2031",2.09131727323807,6.92413592018328,34.1890895331259,0.000647067645040603,0.00468476975009396
"1590",2.18033736316988,7.20767593200627,33.9375386640824,0.000660985041133325,0.00473815019584681
"2309",1.44407565235549,9.9025850125696,33.4246822229239,0.000681142048402757,0.00483477297101565
"360",-2.43713077830918,6.9705426416425,32.8425995557777,0.00073156389260441,0.00514225493442323
"2505",1.36406985157149,9.44057812929533,32.0612434665526,0.00077007292379689,0.0053170694436609
"1631",4.97040698303911,6.50446827193997,25.8578216918097,0.000771121949702202,0.0053170694436609
"1439",1.57965704842134,8.0376827663713,31.6204690801834,0.000803590087573424,0.00546624362233746
"1791",3.07713061065137,8.82966029618834,31.675558361524,0.000807856446947663,0.00546624362233746
"639",-1.36730125433036,10.2677635638232,31.2794022958323,0.000827738959699025,0.00549622702988143
"2173",-2.25861482867216,6.50748267727512,31.4109811413541,0.000834989751865193,0.00549622702988143
"1087",1.61716096369545,10.2751513176263,31.185591483527,0.000835062117799664,0.00549622702988143
"2262",-3.24444519626077,6.33538307802071,30.4888226062282,0.000911519906195977,0.00594540911789088
"227",1.28915304848519,8.24361239223009,30.1115818039829,0.000925784218906216,0.00598453370078661
"194",-1.52478082118408,7.67861551619952,29.882947330877,0.000947416775872414,0.00607017474098786
"2045",1.44520167849133,9.28134767482142,29.6191433441546,0.000970408612966451,0.00607761926180769
"267",1.79839925919509,6.80506762572779,29.7573938143116,0.000970848486444044,0.00607761926180769
"1823",1.49170257762786,9.97781205024555,29.5816119705423,0.000973762202168083,0.00607761926180769
"1795",2.17167676695927,6.92241084584461,29.498249230644,0.000995918157080265,0.00613582884767744
"10",3.08857392973897,6.70632766697275,28.4559362669856,0.00100003840335074,0.00613582884767744
"1235",-2.38641387456025,6.60563299927471,29.2432448032924,0.00102280268265611,0.00622276590120189
"1920",-1.59886702880217,7.98291811970471,28.8577126834137,0.00104768330279035,0.00632102259350181
"685",1.44153593628963,9.42916725782208,28.6036207931938,0.00107330570398126,0.0063797989900148
"1309",3.44307567657236,7.01101447951488,27.8169204332105,0.00107504900107984,0.0063797989900148
"805",1.8292927988053,6.97098978824301,28.3007323283318,0.00112138038334575,0.00660064550847416
"2086",-2.774079068707,7.30872873532355,28.0069208510662,0.00114812838640455,0.0067035883206201
"1941",4.29961728589629,6.34312384395221,23.8095021148943,0.00116774163315342,0.00676355953922459
"2034",1.73989259914302,6.78823560328505,27.6509532715921,0.0011985690434911,0.00686237433739311
"1533",-1.47216065605752,8.48122240031549,27.4946895597289,0.00120375903432172,0.00686237433739311
"1786",4.62192960485448,6.32229707306642,22.264141351967,0.0012553732573124,0.00710070498667326
"2984",-2.04024598093532,6.57034072089395,27.1144513253757,0.00127184299257017,0.00713809555520005
"1759",-1.75324313731523,6.3985404116671,26.6998297690907,0.00132544704478439,0.00730270333954595
"2245",-3.7389086605141,6.81604508307007,26.7543250511346,0.00132829085331084,0.00730270333954595
"1419",1.85667362660696,6.59629124256084,26.6601527135267,0.0013314321005802,0.00730270333954595
"608",-1.82103318236657,8.22764477653888,26.3059822090744,0.00136436853734354,0.00742708887997536
"86",1.70306985408248,6.74917810100602,26.1297005211352,0.00140774657804725,0.00758401426813753
"1211",-1.63920338171987,6.1379583560872,25.9486648473418,0.0014141463069041,0.00758401426813753
"2268",1.20280656509047,9.59079673852302,25.8153855057045,0.00143828445433701,0.00765674959514703
"2736",4.16628280712193,6.39772278952383,22.0871371575685,0.00147320426150344,0.00777553330618837
"132",-1.98864398897816,7.87891266026438,25.5534268701651,0.00148207679040607,0.00777553330618837
"2042",1.34110539924553,9.54600961386846,25.1880937545623,0.00154165971629144,0.00802993981723021
"961",1.37207116812626,8.69667543004929,24.7500083873599,0.00162032210315845,0.00837938001919082
"817",1.51991654930098,6.72523719121938,24.6262625999987,0.00166289370181826,0.00850968014152249
"2504",4.30262003018849,6.14579391422924,20.3210900696412,0.00167643255924979,0.00850968014152249
"2238",-1.8139722933575,6.21733217124405,24.5909225889706,0.00168137152162319,0.00850968014152249
"2105",1.17040461066178,8.24331746650307,24.3720866283244,0.00169253306682215,0.00850968014152249
"448",2.64339134706116,6.13428902373681,19.5189476364582,0.00181201253375446,0.0090475660306085
"241",2.37654717417513,7.8983822829457,22.7113182201406,0.0018386095610061,0.00911748850800286
"84",1.31590645123595,10.145622662191,23.5473920559525,0.00186111466086784,0.00916284513520692
"276",1.60198203963924,8.3674312967391,23.4845573381827,0.00187797180079288,0.00916284513520692
"1832",1.15570553117194,9.46094920363838,23.4369607713369,0.00188572365351634,0.00916284513520692
"660",-1.69003358830731,12.76403528384,23.1881803755084,0.0019420854863222,0.00937379928064849
"1112",1.52687072589516,8.32526437625654,22.8538585917406,0.00202505572565204,0.00968068642432659
"1516",1.8983865236524,6.40463325996005,22.8532343243575,0.0020394045676103,0.00968068642432659
"287",-1.65986464643545,7.97234106865253,22.7167960633114,0.00205735063108153,0.00968068642432659
"753",1.78908026435162,7.90026465333792,22.7249757249154,0.00205915153224626,0.00968068642432659
"94",-1.10945429573941,8.32286372253671,22.517054138223,0.00210709651783542,0.0097996876325153
"712",2.02482354831074,7.50640728107242,22.5498234958435,0.00211153490424363,0.0097996876325153
"39",2.7305117412648,6.55441685302851,21.8712460550168,0.00224615315172327,0.0102988059083012
"978",-1.23877315123564,7.83615825533065,21.9979943827995,0.00224752946617623,0.0102988059083012
"1444",-2.55297665285029,7.38850390477373,21.8995482646475,0.00228374537144949,0.0103989411882354
"2517",1.67510652939223,6.73482782673175,21.7849576468594,0.00233290146013547,0.010556379107113
"350",-1.82730273345149,8.35592709695386,21.4574514228762,0.00240864204618939,0.0108314089530504
"2811",-1.33634585512267,6.92075118727842,21.3389804328454,0.00246128236494358,0.0109998051371552
"2292",3.33960290746753,6.42031792804656,20.081341670792,0.00250848995663875,0.0111420044699783
"2143",2.53714380084577,6.40247089277618,20.7735519280293,0.00254120260223933,0.0112184797806175
"941",-1.54957794264731,6.55426208949556,21.0294360671629,0.00255731383347443,0.0112211831238514
"1100",1.76764673645322,6.43775102992463,20.8429608312022,0.00262994139936011,0.0114703468261248
"336",1.43115969727195,7.54094964277122,20.6704504917803,0.00266836390136355,0.0115682363148935
"1684",2.03722652127586,7.31974651004941,20.5490397018823,0.00272247756184684,0.0117325818736733
"488",-1.79608636581487,7.25916590408402,20.3189397613065,0.00279327323076385,0.0119025503934691
"1481",1.17602162579679,9.6705617861577,20.2968561220934,0.00279479774432285,0.0119025503934691
"2982",-1.53991013359401,6.58325052870358,20.2702916959442,0.00282552745914256,0.0119630519322761
"2764",1.33214160606203,7.85673441217772,20.1819766833445,0.00284440082422542,0.0119729430042977
"2440",1.77957490849272,6.60610437513824,20.1074511499761,0.00291931222171839,0.0122172372747059
"899",3.27160455981572,6.47152194955821,17.2544401483877,0.00301875721301326,0.0125121082080856
"2244",-1.67823397175575,6.2635203277095,19.8241865675961,0.00302433554753449,0.0125121082080856
"2420",1.51522033560105,6.4754611412646,19.7014770204689,0.00306275716347283,0.0125294815118278
"288",-1.24366276338963,11.5056158754358,19.6141420601674,0.00306314672319546,0.0125294815118278
"489",2.17547375876801,6.3856578034546,22.9357316186112,0.00309141332275862,0.012574063177962
"1845",1.34543522254433,7.33216375627651,19.3255958438208,0.00320006170232556,0.0129432663267246
"727",1.60853609314248,6.56292760322611,19.1715437723873,0.00329170464914728,0.0132399675887924
"2087",1.08620146962573,9.4707650465449,18.9224349139493,0.00337075413810867,0.0134239202857724
"2069",1.44065745031256,7.54849187634497,18.9311579778786,0.00337452139780466,0.0134239202857724
"2119",1.68940182785205,7.05959683247978,18.7901070343517,0.00346139751123617,0.0136942721209562
"1157",1.10286667081999,9.13657512347768,18.6006373684766,0.00352745073448439,0.0138797518030799
"2269",1.22674704607287,7.6603603251433,18.517132118556,0.00357549725307767,0.0139927568174499
"1808",2.39264690476762,5.80401935950193,15.4476032053866,0.00366140063061951,0.0141195660064913
"1105",1.11207737868618,7.58316763856537,18.3416467768601,0.00366640069676086,0.0141195660064913
"675",-0.983584159620183,9.51688943017326,18.3292680575373,0.00366640664256957,0.0141195660064913
"1155",1.21835191673465,7.14936783594938,18.1893322881819,0.00376024869371284,0.0144043389113656
"547",-1.91499179009563,11.2578817004758,17.9184516939664,0.00389071209916391,0.0148256608410246
"2081",1.11045584024968,8.08517618161789,17.8244966402619,0.00394841904272755,0.014906696106648
"1404",-2.12053099262286,7.64653053930193,17.8205957452309,0.00395315697855858,0.014906696106648
"2025",0.983704239783897,8.43345220883575,17.6779536748894,0.0040329554448504,0.0151288069537393
"663",-1.6741254374108,11.5334177172372,17.5651941428707,0.00409815550119332,0.0152941473343503
"426",1.80918149006095,6.94760973112296,17.5816133045295,0.00411983629243238,0.0152962126960054
"2768",-1.15406463217102,10.2878565988447,17.1910023353256,0.00433401071703335,0.0160093048935314
"327",1.25741105540881,6.85281739057459,17.1527367177351,0.00438954962093288,0.0161321519063726
"2507",1.29801669638583,6.9570533413635,17.0641058895608,0.00444884628607756,0.0162674985410109
"335",2.07159241639383,6.40922263920431,16.9339651276383,0.00455810995661501,0.0165832744150214
"2608",-1.13789033556015,10.3255671159472,16.5994262382437,0.00474345992574459,0.0171313529578151
"2030",-1.40934224345362,8.25711194598714,16.5850197192687,0.00475608003386855,0.0171313529578151
"1849",-1.42522436464883,8.36991915188352,16.4562498069825,0.00485156614736648,0.0173238818791807
"1957",1.63332291718576,6.73802487728523,16.4950467666562,0.00486498161226583,0.0173238818791807
"2673",1.87391275759478,6.10003424974871,16.5199854113109,0.00488131478363655,0.0173238818791807
"21",-1.77059269796462,13.2718179116819,16.300818085762,0.0049689986494965,0.0174695056334236
"2692",-1.3988899538799,7.70272687778985,16.3069313327803,0.0049706051940404,0.0174695056334236
"2482",1.27626729811997,7.57900618932649,16.2749913283644,0.00499862678305187,0.0174831197629447
"2905",1.47773469029255,6.2742596890106,16.2683061424744,0.00507904154935245,0.0176789715467845
"706",1.6274856079177,7.42415268031713,15.7984902679498,0.00539728898506207,0.0186968288286361
"2243",0.918510724185307,8.97076470742688,15.3454140745218,0.00579201583806718,0.0199686641274316
"1325",1.30383203765554,6.43691628936447,15.2429545501543,0.00594742576373612,0.0204072808196443
"2965",1.12083665732239,9.20318813695468,15.1270746299347,0.00600391197864365,0.0204212045641845
"289",-1.39794673344584,6.97800830581277,15.1370391875387,0.00600789581791616,0.0204212045641845
"997",-1.27560747361245,10.7983771111958,14.8696597797604,0.00626607413558929,0.0211356022629228
"9",1.18797548744414,9.34321498286568,14.8608432165394,0.00627645647310553,0.0211356022629228
"2396",1.68978573063452,7.33762268227592,14.6424023861274,0.00653981222574093,0.021860650841422
"963",1.33241652304384,6.40014791606492,14.6863793567471,0.00655215639860299,0.021860650841422
"1234",-0.844014351337636,9.16298016777765,14.5465403541219,0.00661841415645852,0.021980421326954
"2553",1.16968963658844,7.14168459078552,14.3903148974351,0.00682196592657326,0.0225529832458404
"1938",1.65925294947003,6.58695133345965,14.1290278288957,0.00717486914226731,0.023555588583307
"1979",1.17677110892642,7.75344871084479,14.0510653928821,0.0072165280126499,0.023555588583307
"2967",1.06648348169609,6.92710520516934,14.0614920998486,0.00722284622305823,0.023555588583307
"292",-1.10368430100608,11.3256398770511,13.974592760229,0.00730503540901764,0.0237167965745685
"2779",1.28207509299868,6.94260587274205,13.6920981522142,0.00772247414425712,0.024960139644831
"2537",-0.860537007532091,8.77837467059187,13.5884798056313,0.00786176919270642,0.0252974262023086
"206",-1.41416772122475,6.69941424163467,13.0781704312148,0.00861024481423683,0.0275832621482631
"2760",0.841849288279233,13.4751479336331,12.9725837360149,0.00874819717996509,0.0278831876386478
"1355",0.836793548199625,13.3926795798782,12.9524008050634,0.00878089334476754,0.0278831876386478
"2287",0.993911602292936,10.5758383984548,12.8802608572617,0.0088992321364646,0.0280893571656847
"1506",1.77817989013893,5.99603336564707,12.2756147859666,0.00892341456920924,0.0280893571656847
"2533",-1.31589296866367,8.270002794232,12.8268598779723,0.00899103027429127,0.028102836729777
"853",1.06615110233549,7.47858828543101,12.8241425766617,0.00900532889683461,0.028102836729777
"238",-1.24886435078092,7.67978056973731,12.6026519813467,0.00937971241381473,0.0291455441527977
"20",-1.71038367290924,7.10786413857181,12.4861043201744,0.00961438362960036,0.0297470672984216
"1179",0.818421392578677,13.4066151216377,12.3978027470161,0.0097445578284257,0.0300215313522562
"2783",-0.909633824346065,10.2411905261862,12.2656739278092,0.00999439509955544,0.0306607714071108
"2363",0.892803755652408,9.44077152878762,12.2345539119825,0.010054878199267,0.0306935398692265
"2353",0.935897081494631,8.02166585620209,12.2188956639552,0.0100898653161269,0.0306935398692265
"135",-1.47272821374324,6.64629720213622,12.21308684088,0.0101331486431622,0.0306962327098304
"2857",0.883898666923824,10.5033094291475,12.1351537455703,0.0102488928606019,0.0308449922463244
"1443",1.23023589508193,9.71426865180259,12.1260711107413,0.0102674628886246,0.0308449922463244
"1188",0.805833711132696,13.3576788671822,12.0567472186416,0.0104057053338043,0.0311311184366706
"62",-0.971785690948884,7.31662313269471,11.8644363942861,0.010816236214045,0.0319650671773832
"610",0.964544190179929,9.6069521770955,11.8536157055616,0.0108278547075022,0.0319650671773832
"2767",-1.18295559162993,6.58342484414406,11.8677528001757,0.010835165884237,0.0319650671773832
"1085",1.16954746665808,7.32988921625289,11.8471266366506,0.0108610587370667,0.0319650671773832
"1671",-1.45562249114736,10.9269133612565,11.7956627446743,0.0109514779890197,0.0321006885184221
"326",0.81872103031753,10.0542954201101,11.5650902105372,0.0114649707440713,0.0334703178173694
"99",0.789458692024563,13.37328619071,11.5410081938535,0.011519941227859,0.0334957327267869
"1894",-1.48882802712662,6.42458338579195,11.5053647666242,0.0116679591803164,0.0337904097861963
"2170",-1.16106228911932,7.55614612819616,11.3513575171631,0.0119767837070973,0.0345465792985595
"1566",0.83305273604696,8.79058835134034,11.3196272308037,0.0120476499961884,0.0346130896715888
"408",0.779247261116247,13.376547902065,11.2717561371474,0.0121632157160498,0.0348069888475101
"579",0.7760483142444,13.4139400016962,11.1904994439333,0.0123664339699676,0.035249205489199
"314",1.05511284856912,9.59718804798111,11.1185141546208,0.0125510947984108,0.0356352652315664
"308",-1.59438421327293,7.24295060275304,11.0564956310919,0.012728619907139,0.0359981281748773
"171",-1.38550536279501,6.62600847887833,11.0030354773311,0.0128937426433263,0.0362526266765004
"737",-1.00853904580468,6.89390540984353,10.9938857077116,0.0129187537051617,0.0362526266765004
"882",-0.844348859177593,7.78096189030149,10.9358864994734,0.0130448917887275,0.0364652573553619
"311",-1.6124156217901,7.41675412234362,10.7219363020939,0.0136421266020445,0.037988075614924
"7",1.11100772855037,7.15596544960717,10.6427170817134,0.0138868605721465,0.0383411684318577
"2628",-1.36548513258246,6.66872956456512,10.6440947352962,0.0139260384674261,0.0383411684318577
"71",1.65605536487382,6.31347116675487,10.3830915218,0.013927800134777,0.0383411684318577
"1302",0.853593310723925,8.19576814685377,10.5875197578251,0.0140259884527709,0.0384652107568413
"1031",1.13466584644525,7.16491840635853,10.523386099261,0.0142436792945821,0.038914806827462
"410",-1.28003666874803,6.72548522416258,10.3932027502,0.0146511549575543,0.0398775796589071
"923",0.851561041816657,10.5040045563097,10.3212619655284,0.0148423117837482,0.0402465682825232
"785",-2.4732118993866,13.3588667037002,10.2472864382168,0.0150814335323864,0.0407423801397305
"2512",-1.00102068045557,7.60714004809209,10.2098650704215,0.0152347306434756,0.0410035129586481
"2792",0.930331172978179,7.29372294967809,10.1874719372021,0.0153051777317142,0.0410405506583744
"2782",-1.21727218273528,6.92764894423633,10.1699527745035,0.0153631227349677,0.0410439146129765
"2793",-0.865972237759994,8.48643833527567,9.94823751409823,0.0161038976087994,0.0428647862822455
"264",-1.57199303921625,7.43568909326932,9.92594660164916,0.0161947251172149,0.0429486482962035
"416",0.970241922937348,7.06121713051031,9.8726272710633,0.0164119208397056,0.0433320667707896
"2165",-0.94661085592406,9.3736345386929,9.84950159564184,0.0164590032623856,0.0433320667707896
"1827",0.918910206576414,11.0413241514382,9.69145211714843,0.0170492394396733,0.0447233672258098
"1848",1.00569181572398,6.67476157211877,9.66804092134024,0.0172063276577852,0.0449724953943555
"2316",1.29840642118928,6.98647096473941,9.60062173752847,0.0174595156709675,0.0453695005750392
"906",-1.26892435283843,11.3857764650417,9.57987441914868,0.0174835506359612,0.0453695005750392
"1140",-0.953648832094053,7.55577331130328,9.55020837900079,0.0176345097313403,0.0455978037338941
"2757",1.06591573046085,6.11293329152909,9.45257776846461,0.0178683816415158,0.0460381078592791
"1737",-1.019259714684,6.59821110752296,9.42851859796374,0.0181569109483189,0.0466125129252679
"1813",0.712938803246468,13.5809275437548,9.39867389799073,0.0182200844721696,0.0466125129252679
"1291",-1.10793471167814,7.62462277627159,9.35498980274569,0.0184151391592996,0.0469456364483553
"1581",0.709490806689652,13.5846969755015,9.30616320882446,0.0186116517084051,0.0472801257434571
"1626",1.09440329958906,6.72830283163454,9.19543297114535,0.0191787730381512,0.0485504604182568
"1692",-0.804509873416193,7.37711093141836,9.16466247452808,0.0192552891043222,0.0485743181586386
"126",-0.909688177329753,6.56815313225992,9.14053574160342,0.0193954394762305,0.0487579797944129
"831",-0.90701637254206,10.2891500500507,8.88306910479337,0.0205487002330237,0.0514784047360178
"2742",-0.880252222683081,7.36859869762298,8.87239805063783,0.0206211345599535,0.0514817290393323
"548",0.667204251741809,9.23564325102251,8.82815564489444,0.0208201464522409,0.0517999519980153
"514",1.20297569867614,6.78375469360034,8.82072337368542,0.0209351331846191,0.0518186769650124
"2448",0.753778210868137,10.3661212442171,8.79766652808009,0.0209708181640174,0.0518186769650124
"2016",-0.792572439960768,9.34071122018153,8.75000403133479,0.0212123541047983,0.0522372257546733
"1678",1.09785509301936,6.70669364643256,8.73942491761652,0.0213410970403663,0.0523761161261872
"2313",0.86148492911051,8.15069794219745,8.7088790691225,0.0214287099074609,0.0524134661250058
"2868",1.17435304155214,6.59019948246794,8.68011307531708,0.0216640893767167,0.052810776797114
"2215",-1.00437758777482,6.66051020507525,8.56558608244593,0.0222345106631012,0.0540194151680713
"1503",-1.27466386167209,7.45836567161382,8.53144897873283,0.022377882991468,0.054185910654926
"1082",1.67311833919683,6.23181332595779,8.1806376886332,0.0225394982966353,0.0543953225558798
"2063",0.891133456439534,7.25694020083244,8.40814395902932,0.0230778492464708,0.055509511144335
"2516",0.802283435420572,10.2201600434363,8.29101109735113,0.0237219557532855,0.0568698541899958
"954",-2.3429661319439,7.7596382053177,8.23288300859265,0.0240907935170791,0.0575634802190272
"98",-1.19320508747653,14.9646308107266,8.15506894678623,0.0245382695563612,0.0582592721285609
"295",-1.19335028349139,14.9646126952691,8.15431104259617,0.024542925413275,0.0582592721285609
"835",-0.845280375733011,8.05435893754924,8.13227162120743,0.0246844095173536,0.0583677475479207
"594",0.925853388035177,10.4251237690362,8.12088246936185,0.0247498598027785,0.0583677475479207
"1512",0.951466100906107,6.47991398955317,8.05436771000763,0.0252977626769083,0.0594661694093558
"431",-1.7000604176117,7.07973239053848,8.023693116998,0.0254104940408599,0.0595378565876459
"2884",0.955082259329839,6.24437853709942,7.90633412541952,0.0259554130758664,0.0606184486029912
"90",-0.956123359023052,11.3364404361066,7.91382111124864,0.0260801369487228,0.0607138879449366
"2604",1.34123601979007,7.14565895120948,7.79802696993101,0.0269225627429655,0.0624741520061122
"1743",-0.96389001138368,8.66454757308075,7.67754319967975,0.0277181726621512,0.0641148786178833
"2725",0.669418103076763,10.2360820742589,7.66027126259425,0.0278395541556699,0.0641905643589332
"2694",0.968487714038952,6.059392530979,7.61465163986882,0.0280121792711018,0.0643835485469134
"137",0.971653911996636,6.39616086300951,7.61887746105926,0.0281032770090202,0.0643885207421855
"2432",0.86820720329084,7.38920887989783,7.60164451631832,0.0282920728981253,0.0646165955149614
"382",0.835544200970574,7.86606001030386,7.57284015226261,0.0284929715731084,0.0648707906255676
"2731",-0.962364436729975,6.89061601963388,7.54866772076369,0.0287491760957388,0.0652489137721469
"1705",-1.18024160594954,6.15317913099223,6.82269899917287,0.028940367244852,0.0654775808914776
"1746",0.899585248204279,6.67178915838158,7.50519338553999,0.0290764022265135,0.0655804212211707
"2151",0.883716195864485,6.89530608303819,7.48188660772835,0.0292336987041433,0.0656767785011021
"2754",0.802935476563868,8.19868556526997,7.46589772495294,0.0293005517346077,0.0656767785011021
"2404",-0.834258314297446,6.86122862098131,7.40767600559194,0.0297852496943378,0.0664761377455568
"791",0.623718013999284,8.91113904514211,7.39623568813864,0.0298408076896491,0.0664761377455568
"2028",0.785027137962886,11.1847912606206,7.3106919628577,0.030526078818828,0.0677941136958022
"2286",0.72660616389189,11.1363137338093,7.23142286937491,0.0311817647183899,0.0690385249422455
"2549",0.748404546611892,7.60838543544465,7.2134390881653,0.0313536086125005,0.0691128833707047
"128",0.989158862049307,6.41897344814838,7.2127422194624,0.0314062688245329,0.0691128833707047
"2794",0.841305326556073,7.10511209336533,7.19150468966778,0.0315592808237175,0.0692391494435498
"2029",1.04712225678777,9.55080558859318,7.1684687426047,0.0317169669704702,0.0693748763946235
"2961",2.44705882488508,6.24957557217352,7.10790279968787,0.031952500632962,0.0696795495730857
"1356",1.35361348413142,6.94735578631427,7.13354872397215,0.03209908182383,0.0697889947160749
"1362",1.11446775304287,6.45636393844765,7.04984981442641,0.0328877230695788,0.0712895553963325
"165",-1.75695361665731,9.42063082374477,6.98127602747216,0.0333763473780351,0.0721327626916341
"1406",1.23432559822959,6.91876416260996,6.85432419943957,0.0343616195150299,0.0740411087169097
"2047",0.70014486955799,8.33461037612766,6.81431834542098,0.0349576335670076,0.0751018596513754
"826",-0.992288668776052,6.84126852533613,6.78681281972997,0.0352916384224725,0.0755951071534618
"783",0.601048444999562,13.6704364448954,6.75987109859364,0.0354863909900911,0.0757880444744129
"584",-1.11283735820659,9.86029616306984,6.74641531231828,0.0356211075424334,0.0758520054727111
"833",1.21216285603958,6.4939135389132,6.70050039155845,0.0362238451294028,0.0769092782219579
"665",0.773052132511249,9.02636815957208,6.65770384960557,0.0365222565042284,0.077308532419847
"625",-0.965188420755996,8.22466547514576,6.08105873303114,0.0366254511326071,0.077308532419847
"1580",1.21403523854166,6.49488658376861,6.64721166999561,0.0367675921247989,0.0773829555184721
"905",-1.15114262072216,11.4585143155257,6.59555566379993,0.0371672856082077,0.07799743414592
"940",-2.47689173424341,10.0569805798094,6.50923598716445,0.0380929446642993,0.0797089362339673
"2554",1.26379357258919,6.45462133180778,6.48569523859237,0.0384667583361981,0.0802591730127014
"422",0.667323214390538,10.8841168686297,6.34686857773615,0.0399144215933845,0.0828918375008216
"277",-0.670027721878248,7.83813917861002,6.34415271538617,0.0399575294030203,0.0828918375008216
"1231",-1.04988706049669,6.94732250145652,6.28096111712664,0.0408447041640814,0.0844901880422713
"1074",0.691414923958592,11.1612263786521,6.23371158146383,0.0412521082794946,0.0850898187873335
"385",0.691188660750964,7.95732831847514,6.1958651936854,0.0417251728505562,0.0858210941585305
"106",-1.18722973467623,6.76574486089586,6.11436666389635,0.0427829145023867,0.0877473940502209
"2859",0.752400548505112,6.59154236559219,6.05794763741538,0.0435918814258593,0.0891540173794411
"876",0.646325214800005,14.3659827248172,5.98841296809429,0.0443592131678172,0.0904678037563371
"432",0.708372746297456,9.20759807680061,5.97863020046259,0.0444918195183906,0.0904833632902101
"987",0.79627339636824,6.88875067547927,5.96401775741746,0.044769393277672,0.0905588705496236
"611",0.693814603566184,7.5307676812738,5.95855673553388,0.0447791100231564,0.0905588705496236
"533",-0.880446381159921,13.3576642855801,5.93231849867786,0.0451124053117225,0.0909664111085942
"328",-0.882305845555787,13.3555872295314,5.92353029488844,0.0452319171258203,0.0909664111085942
"983",0.775454008780522,6.77769596024006,5.90940127650503,0.0455073657579683,0.0912252270747374
"283",-1.2345974174756,7.25911977137968,5.89756606408366,0.0456126135373687,0.0912252270747374
"368",-2.36099724775156,10.0266648809758,5.85147918129434,0.0462287214368735,0.0922027391743703
"2994",0.845444562212306,6.77442812749764,5.84819224578341,0.0464205261878178,0.092330936703242
"2872",0.751942372517119,6.9702102437469,5.8162656748404,0.0467804895660401,0.0927919847830494
"843",0.644286647445098,11.0505148474531,5.79078635918264,0.047088736184347,0.0931482103755935
"2689",-1.38158602995539,6.70325263298666,5.75761500062372,0.0476361214610468,0.0939400995948611
"1236",-0.722552101637805,7.8611089233404,5.74686699152355,0.0477485589100951,0.0939400995948611
"554",0.624663417500086,14.4826581675912,5.72542951859486,0.0480393307870998,0.0941261220022216
"1228",-1.0674715907905,10.0043740661081,5.71455068632862,0.0482021573185604,0.0941261220022216
"260",-2.19989768489957,10.6591495895179,5.7123526833067,0.0482331371033483,0.0941261220022216
"139",0.859608102149596,6.90782355714366,5.61192913800038,0.0498306666136514,0.0969822651297947
"262",-2.24119892241582,10.6456407421882,5.5339608536085,0.0509739823857621,0.0987286453695505
"836",-0.846177187197791,7.64165287384774,5.52898257041484,0.0510689162490079,0.0987286453695505
"2865",1.15531707264207,6.6105851782945,5.53178421663542,0.0511370746043942,0.0987286453695505
"246",-0.613143776200522,7.99316287342087,5.4640328457117,0.0521118818859199,0.100343091716505
"2626",-0.758549103741751,7.98520248266216,5.43801815244143,0.0525416609124453,0.100902287800028
"852",0.894216067178647,9.04228427096781,5.37464637519883,0.0535992232466683,0.102660946112666
"2255",0.596469785587663,9.59826196801866,5.35805629275037,0.0538811173225243,0.102928572405033
"2765",0.914950815002755,6.45603208261725,5.35347122029812,0.0541823893043047,0.103096727224737
"345",-0.891041516765858,9.36056213319097,5.33654360673286,0.0542539407080451,0.103096727224737
"2766",1.09253325465309,6.55297075947952,5.31909602935769,0.054693249264565,0.103639776732673
"560",-0.836330789606838,10.7524095329292,5.30342351581992,0.0548260144870358,0.103639776732673
"2685",0.7011312784286,6.96498444617957,5.29196186961446,0.0550845559724995,0.103857339906483
"644",-1.2194621869796,7.60345103905814,5.23839030672767,0.0560309994521975,0.105367385982834
"81",0.747443292589368,7.01425672491829,5.1803975406998,0.0570959490284869,0.107091883670012
"2772",1.04479153582934,6.6063043936797,5.16730440503592,0.0574211850484502,0.107423612338703
"924",0.587524523309775,8.81776391291802,5.14705089462771,0.0576621437014218,0.107596371236674
"1116",-0.674135541331009,10.0676627737982,5.11618759101277,0.0582410449799624,0.108397214821318
"2306",-0.530649078319236,8.49181535916923,5.06247869545047,0.0592752920673071,0.110039260145462
"1984",0.948082222270613,6.86522842374301,5.04498022527016,0.0597492197939506,0.110635383966292
"82",0.825632501418492,7.12111243002534,4.87736530615949,0.0630660226386379,0.116350748386688
"2707",0.67409795601463,6.53565222756167,4.87997366373324,0.0631572432541002,0.116350748386688
"922",-0.642881441356681,6.72133327634117,4.80907539795329,0.0645443557278875,0.118604349104037
"2644",0.85501777437418,6.76420000598703,4.69728372678785,0.0670889480195007,0.122968097129414
"1714",-0.525988770424426,8.80006616511333,4.64349923333415,0.0681993365248852,0.124687675868729
"2419",-0.785574620079724,6.90513139410315,4.6304149836228,0.0685484637249522,0.125010296566412
"991",0.680008796397774,7.23234189419506,4.62008497046814,0.0687872759498822,0.125130622582198
"2849",0.57024328636127,7.87783617915957,4.5154217541383,0.0712889232261848,0.12935634189413
"1324",-0.977789678174764,6.5890982389464,4.50055573556415,0.0715428544628957,0.129492566577841
"605",1.19740434286221,7.013793724717,4.48732374749297,0.0720667705526435,0.129847272468854
"1278",0.624303936282616,7.03224455049593,4.48473383278606,0.0720975186912697,0.129847272468854
"1648",0.848866134209283,6.95449661622205,4.45553054196141,0.0728555715313731,0.130886932478199
"1850",0.651624543537638,11.2505530442073,4.41761979091939,0.0737503736808494,0.132166511249839
"1073",0.580139029531718,9.20092697341642,4.36878899319387,0.0750312739669737,0.134129981116269
"2671",0.651396590534559,6.72330446663662,4.32825997332591,0.0762830569949476,0.136031855330892
"1863",1.14170053984618,6.30151209246884,4.31667169672293,0.0766279071810205,0.136311068302356
"921",0.647962705823398,11.2347458787147,4.27092878824178,0.0776803699510661,0.137844578050421
"50",-0.607561194316989,10.37592935949,4.26394757455964,0.0778759122234605,0.13785369303126
"1248",-0.829394035674474,10.4962781038977,4.25678640358955,0.0780751036185546,0.137869207365448
"1232",-2.41503307811698,7.55063027946918,4.24736721193484,0.0783934278592354,0.138094505523325
"1263",-0.905866414491898,7.4894846984583,4.20332867592378,0.0796866821141973,0.139974520448388
"982",-0.689832563182875,6.99518710656802,4.19569499389515,0.0798473438469396,0.139974520448388
"2279",-0.651417742005507,8.13900201658606,4.1784037762196,0.0803148328376666,0.140453958875533
"759",-0.915689348104847,6.97490683131701,4.15040788138531,0.081166477395912,0.141601276228049
"1332",0.726526309243906,6.79883186801275,4.05793569482017,0.0839930670626103,0.146180241714735
"1405",0.516197258848542,8.65716272481725,4.03952986610753,0.0844677252054188,0.146653796279912
"2800",-0.905758659482959,6.77689998107141,4.0311458418707,0.0847850825362016,0.146852630995718
"1328",-0.840343997782583,7.58513945742521,3.97335752104098,0.086572725175053,0.149457441754595
"1",0.608124197104529,7.36524454425813,3.97003123421846,0.086701830852113,0.149457441754595
"1390",-0.645737001167673,6.82305715985474,3.89686748932832,0.0891554732055974,0.153322001427203
"1498",-1.89307833501507,7.01600851928552,3.86579785822735,0.0901662902215796,0.154088480857324
"1316",-0.603928308287805,15.6037515020451,3.86154093713106,0.0902223453867757,0.154088480857324
"597",-0.603928308287805,15.6037367575726,3.85949472912676,0.090291550075925,0.154088480857324
"1318",-0.866913197049964,6.61731926787534,3.85205589126189,0.0904524922159708,0.154088480857324
"2841",0.810868737530396,7.10416766906951,3.80140920375888,0.0923423832002516,0.156938698208878
"598",-0.60389509981853,12.2837434601292,3.77179782061318,0.0933250441044731,0.158198727146836
"364",-0.603411893226707,12.2835601517572,3.76626915624042,0.0935207945011681,0.158198727146836
"2951",0.771425971512895,6.68374459407344,3.75454542277617,0.0940940875652609,0.158797481112468
"2587",0.525574730019561,7.38016516036114,3.72445307606863,0.0950499275709137,0.160037552468236
"721",-0.929559260409164,8.3658358194134,3.681937367895,0.0965818109613825,0.162113751500694
"709",0.665113603260078,11.0826296486119,3.67774661929848,0.096730857249033,0.162113751500694
"469",-0.903101277965776,6.62459627683934,3.64136626318416,0.0981732389349326,0.164070309003869
"2147",1.05011626626432,6.53742621031652,3.63869200871798,0.0983515388227612,0.164070309003869
"881",-0.622054469711345,8.17098382040359,3.59153419430169,0.100007490022963,0.166449247762356
"1493",-1.77367320806648,10.4910486767979,3.54524422553282,0.101816134325013,0.168961897415197
"1495",-1.76894377772354,10.4913639250523,3.53749091198508,0.102124596729258,0.168961897415197
"2714",0.503445723565576,7.39423320494867,3.5334702725613,0.102314636230682,0.168961897415197
"1491",-1.76914367440672,10.49161132375,3.52820843892345,0.102495538973599,0.168961897415197
"2599",0.51596787820876,7.40437868635002,3.52333257555115,0.102720356414551,0.168961897415197
"1496",-1.7644290450128,10.4930017189,3.51770610918848,0.10291739883992,0.168961897415197
"2409",0.660535697059553,10.9622619010825,3.45448216627857,0.10550634079268,0.172820341026923
"2681",1.00257303368609,6.25304638870526,3.44687348215693,0.106115693631911,0.173426099750572
"2717",0.680104877374313,6.53122084433778,3.32508906566942,0.111297318922289,0.181484817341751
"2596",0.701518228947436,6.97338966079564,3.26790715664735,0.113740003739537,0.185007125171559
"437",0.584878027047843,7.40436204828709,3.26218281889866,0.113968477660933,0.185007125171559
"14",0.633440650611457,7.18785237593633,3.23145119709949,0.115414373248259,0.186909476823378
"1425",0.57004806951895,11.423538568892,3.22529376114709,0.115656692840985,0.186909476823378
"2879",0.880972738757202,7.19925944420178,3.19726057172693,0.117055913129803,0.188749401126898
"2937",-0.731117809451312,7.15768607242665,3.18543669029895,0.117588486692296,0.189186809700494
"286",-0.50349650118803,17.2690714635127,3.16650713400329,0.118469665492371,0.189829292769875
"252",-0.503519515916903,17.2689799454008,3.16563244028197,0.118512210403292,0.189829292769875
"1494",-1.5898316063232,10.2036438466418,3.1420489521725,0.119668022966003,0.191257502488711
"1129",-0.538507742765894,7.43216785790822,3.13182921278716,0.120196585512713,0.191679136368291
"2878",0.436203327138496,8.08886297823029,3.1228658671494,0.120627886271465,0.19194415310009
"1490",-1.70065965884037,7.15993416305865,3.09355036293297,0.122146480489024,0.193378565077622
"736",0.603546625026666,8.48669017267733,3.09030154934415,0.122260990344972,0.193378565077622
"2748",0.573583586029535,9.09738132421633,3.08444506750589,0.122555391263548,0.193378565077622
"265",-2.1103065447933,8.33644482696818,3.08377015136379,0.122597736699763,0.193378565077622
"127",-0.4936748985247,7.08860735810574,3.06594873728977,0.123543162048888,0.194317256492849
"784",0.591259760929473,6.70081777927882,3.05936072554137,0.123941177073943,0.194317256492849
"2928",0.677820964913904,7.41825699795549,3.05260606237478,0.12421922241288,0.194317256492849
"1497",-1.66063984147392,10.4841258138934,3.05108645025612,0.124266422315178,0.194317256492849
"2922",0.481684313948006,7.40496357740757,3.03321189110834,0.125227258408812,0.195397704930991
"1054",-0.434155320836175,7.88868619047963,3.02353916435536,0.125717356232723,0.19574057185482
"2567",0.694673006441798,6.44783609334702,3.01997958324363,0.126111359168814,0.195932669609918
"653",-0.826359389492983,6.62096627491403,2.9866969054031,0.127748220077536,0.197711956167653
"1776",-0.596719033038525,9.20078569819026,2.98419792425341,0.12780275619677,0.197711956167653
"1624",-0.479723702551067,9.17198924812898,2.97545964337359,0.128274923059044,0.197835899471463
"1587",0.777171601713703,6.2433735355225,2.97776984212547,0.128429382253574,0.197835899471463
"1531",-0.616895324900479,6.66233730063092,2.92835673926387,0.130758496852867,0.200996075841774
"2624",0.466144527000787,7.26918481090399,2.91597520820327,0.131585011813852,0.201104120496716
"433",1.01018707532523,6.60494728370822,2.91678143531646,0.131659757141538,0.201104120496716
"2809",0.828990276329155,6.34401261613364,2.91870216046579,0.131662089938458,0.201104120496716
"2330",0.686986894743634,6.85707490253504,2.87981787279802,0.133807895384715,0.203951402649545
"511",0.723883740108695,6.37970177981904,2.87367671553018,0.134209102938853,0.204133173377584
"2639",-0.607145864266441,10.476643980598,2.85983228514577,0.134742154645868,0.204400765590597
"887",-0.540273874186737,7.42664976320623,2.85265867160789,0.135027843358089,0.204400765590597
"2552",-0.523201318316375,7.06462844782201,2.85239272191421,0.135231998229138,0.204400765590597
"2152",-0.456824673081417,7.4157026222445,2.8311944837581,0.136435500231623,0.205790212849364
"158",-0.957020997503089,7.98892630018672,2.82164941633575,0.136985163301341,0.206189726050251
"530",-0.896363651093129,8.35243141644756,2.71106219957429,0.143739556012016,0.215648748406463
"731",-0.372210350553034,9.39979447219714,2.70898235653256,0.143865118066743,0.215648748406463
"762",-0.896363651093129,8.35698519074499,2.69563806548384,0.144717580556857,0.216478364304058
"2598",0.595545690670699,6.93361087100153,2.66813489862754,0.146544637368226,0.218759417432156
"2823",0.877564449088586,6.71998128966101,2.64743577388295,0.148063304925895,0.220571672358741
"2106",0.762553578320599,7.24154221832076,2.55498121945224,0.150876568495996,0.224301099776389
"879",0.423076344894945,9.94915952882601,2.58959077434512,0.151687431144188,0.225044467517197
"847",-0.491974323780976,11.5667857055123,2.55162575018118,0.15429533128836,0.22803487363809
"2383",-0.427960817879875,7.82631995236305,2.55135179268255,0.154332994589315,0.22803487363809
"197",-0.626661732171263,7.95783124268087,2.54577436854,0.154713616505927,0.228131687067802
"2433",-0.462231436026916,8.07664399290846,2.51861566086168,0.156631254473702,0.230489894794635
"1018",-0.871163686075839,6.34208349748037,2.51409949012792,0.157092334047177,0.230699492596666
"2157",-0.381361757934696,8.72169781051834,2.48317230920261,0.159160843428593,0.233264070126116
"43",-0.433571891782712,9.32933047338298,2.43137449766391,0.162977025174563,0.238374477225018
"1407",-0.758014321443378,9.06391577153664,2.40511255350854,0.164962535149681,0.240792087597518
"1815",-0.479455438481186,7.00431730376435,2.38253903594159,0.166736313995453,0.242891531856556
"1139",0.648507604232651,7.4043586177195,2.3645936610881,0.168199508545715,0.244531012423892
"885",-0.597138482693833,11.5791894548126,2.35245683163491,0.169037674312762,0.244628251838603
"2513",0.649713924918182,7.55618213371234,2.35206096006778,0.169188754039357,0.244628251838603
"2110",-0.370989509565819,7.91808433583269,2.34951496169881,0.169280047197707,0.244628251838603
"377",0.551305309568439,6.73635528707419,2.3351967804522,0.17049481557837,0.24589292127239
"1030",-0.42051719678183,9.34062005994235,2.31633048661167,0.171918601109845,0.247263138869934
"1012",0.437948960617312,7.10733997002619,2.31432435861524,0.172127930926032,0.247263138869934
"2010",0.379884790337793,10.5239028233981,2.27837198081318,0.175014470786331,0.250552854336617
"341",-0.546497350555211,6.62135434795804,2.27889085976689,0.17511014405294,0.250552854336617
"884",-0.585366451716551,11.587421889615,2.27088058297137,0.17563512240195,0.250808340471424
"793",-0.480604497086539,7.05941857303272,2.2363521092004,0.178572458637223,0.25450090561683
"2855",0.694151698754454,6.84881561341667,2.21700385739261,0.180276616182899,0.256424892173711
"249",1.29369306686997,6.47388869893446,2.16141332824228,0.185257126342106,0.26295081296477
"1977",-0.391213897058444,10.4171373829056,2.15546655698653,0.185590974343919,0.26295081296477
"1912",0.583718074234246,6.64756041931352,2.13562811979828,0.187530473639282,0.265179810380547
"1285",-0.385151119530925,7.01240904389985,2.12601458217345,0.188335343589247,0.265798808496325
"550",0.382226681084432,9.85022871276034,2.09308751897195,0.191299414798548,0.269456763257099
"1104",0.727470110578192,6.54007346687399,2.07336687502394,0.193290391270685,0.271732511223254
"1299",-0.455104142893789,7.46076679534653,1.97481202972924,0.20283425669688,0.28459690280725
"2605",0.514063676489846,6.65215600540239,1.96109195096551,0.204429539647888,0.286280438501104
"1839",-0.544042980813801,6.71935155987221,1.86720379552475,0.2142134980121,0.299402649731197
"2522",-0.521041303123236,6.63886979666445,1.84579099068601,0.216585605787113,0.302134833506494
"245",-0.414264473580232,10.0939961688291,1.82406609534966,0.218939639215404,0.304831343830677
"362",-0.388236151744429,7.98353645545042,1.81539378326042,0.219933906590396,0.305627923937518
"2216",0.390706271058065,7.75112726663984,1.79473317167268,0.222301261616857,0.308325887759779
"1489",-1.7698170126856,8.56031837601098,1.7522940487124,0.227265565479692,0.31460854571185
"1482",-0.393800865976111,8.04108758259477,1.73750650573915,0.229034707036242,0.316452534149312
"2781",0.359544120661726,7.21532491756589,1.69322418004008,0.234481006794823,0.323317801985448
"2121",0.370166781394501,9.18964578354968,1.68960104029429,0.234896635144124,0.323317801985448
"24",-0.934797441536263,6.66996469934438,1.6843605717682,0.235618254918859,0.323695667099153
"2199",0.542694700168734,6.76816125978047,1.65099123798396,0.239824732282913,0.328850579872783
"2597",0.470417131515066,7.23189008926986,1.64184128932823,0.240995871066471,0.329831778170369
"1096",-0.565175424758406,7.28135829886027,1.61850054551942,0.244032489944335,0.333357590037167
"1006",-0.629453696697251,6.90841911473275,1.60132570406919,0.246330982444336,0.335863712409979
"1561",0.462915610125729,6.62399420987053,1.5961338341525,0.247073559007212,0.336242963761695
"715",0.412606603503671,8.34207876024472,1.59174446073604,0.247573109087479,0.33629067725954
"1384",-0.396208772549515,7.73038511319767,1.5225749281578,0.257136967229485,0.348627648453459
"2372",0.785883344711131,6.59865030054758,1.51017150419252,0.259007807777956,0.350507762301383
"1525",-0.701737235306533,9.63520587548934,1.46143795928909,0.266020210694674,0.359325806983104
"279",-0.426051186177125,7.08187143652898,1.44376135921655,0.268708622204981,0.362281270905784
"1323",-0.355289108064914,8.34598254845737,1.4335619862922,0.270233774727044,0.363660321379888
"1145",-0.372165888715461,7.69815019461707,1.38739303924393,0.277443142436686,0.372124314725874
"2059",0.610138501786635,6.80491063015739,1.38696973145312,0.27755128446405,0.372124314725874
"1781",-0.54597302806672,7.78077543919738,1.36825223082247,0.280477349673728,0.375352312687207
"175",-0.445274527758669,7.87298622405159,1.35650431867242,0.282379367502868,0.377200483527816
"2348",-0.325301128412106,7.16144108710289,1.29156969521904,0.293262378390315,0.39101650452042
"1144",-0.280928836263507,8.21192012511353,1.26632960524076,0.297633742487497,0.396115495516448
"1873",0.396742457465508,7.50070523707433,1.24761339955164,0.300964303241365,0.399813129443575
"980",-0.376411792308167,7.09551050640824,1.23530472385631,0.303188039222477,0.402029561166801
"726",0.580757943043638,6.76074071737233,1.22583209939608,0.304949062935302,0.40326378991803
"371",-0.475537023678329,10.9585251860715,1.22388135729825,0.305232813363371,0.40326378991803
"911",-0.474260008986862,10.9580632647968,1.21248040387779,0.307325828238431,0.405289434689662
"772",0.255026645097262,8.12366231235092,1.20932904508911,0.307918895755241,0.405333237321444
"2799",-0.235963306994753,8.80366775275154,1.17889127360816,0.31362161600056,0.411711131504423
"600",-0.282101894961475,10.6484516761977,1.17740849526735,0.31390130468293,0.411711131504423
"322",-0.485769607044379,8.61069251214615,1.14628922078086,0.319918190700595,0.418844068837669
"1055",0.489147064160821,6.76607627109717,1.12912127293412,0.323375348881095,0.422606051606341
"2949",0.355885492505739,6.83288343512847,1.12612421086084,0.323959939263305,0.422607200047987
"2550",0.442176254817182,6.38281372406433,1.10710638553372,0.327889059590982,0.42696345169761
"387",-0.324715462021698,10.1447175922007,1.09357613879221,0.330506468575098,0.429599072259193
"2239",-0.374683222669781,7.95335568127519,1.03991604272369,0.341868050424644,0.443570732092191
"2263",-0.392500453457885,7.31751465500803,1.02961566808744,0.344124419756815,0.445699606268219
"1841",-0.242131016238974,8.37699681932311,1.02662982823425,0.344753225542613,0.445716670165807
"152",0.621973594051418,8.9788170015631,0.989955913548642,0.35295930744635,0.455512546508302
"2210",-0.425825054309641,8.00851802347455,0.98722542073737,0.353607945176304,0.455537637558086
"1281",0.318623167678548,6.93990406955486,0.917867289754997,0.370063111720029,0.475565974986735
"975",-0.250697490786767,7.44208049703319,0.916096553390814,0.370468521950992,0.475565974986735
"1810",-0.460460078812255,7.73985756370424,0.898602517459508,0.373546494592214,0.478668428468607
"1949",0.283382203271992,7.31066420655847,0.895890542709307,0.375489248601218,0.479651403962289
"1397",0.337562486234417,6.89800911379186,0.895435945999866,0.375638599511903,0.479651403962289
"125",-0.310805584072692,6.76028988921176,0.881631778762115,0.379120584560723,0.483245252151344
"2159",0.334675473602148,6.80771684018258,0.861856911977464,0.384232823184911,0.488168289958779
"2013",-0.639345191363485,7.34512346881664,0.861327608724696,0.384331388503458,0.488168289958779
"1711",-0.371031813375492,7.30074147682623,0.846017845556759,0.388384203485563,0.491728059101905
"2716",-0.236597930737006,7.4908235012004,0.845480623039694,0.388492333986588,0.491728059101905
"2175",-0.385756843732479,6.46332483712845,0.839934770984892,0.390046958193261,0.492834201975429
"2993",0.282911359919924,6.86608115820989,0.826627049169367,0.393585717173804,0.496439127585076
"1584",0.247306734621953,11.9902658706643,0.812902933138631,0.39727946530298,0.49981669945365
"173",0.231462284221553,8.68709888745069,0.811385791155038,0.397700349118288,0.49981669945365
"1019",-0.302474682264157,8.76084549041062,0.808856469970592,0.39839900984186,0.49981669945365
"2107",-0.222743232586245,7.67444284497046,0.80661928939414,0.399024934094212,0.49981669945365
"1614",-0.627611525542796,11.4038203717218,0.799266122605075,0.401060271899243,0.501498509248794
"1513",-0.626636664032118,11.4034815246107,0.793966487872255,0.402545471144235,0.502487795014528
"2133",-0.276942934909364,7.1670114427037,0.78924568635992,0.403903474038472,0.503315172467907
"2376",-0.42295670978382,7.03087900294169,0.7748893623606,0.408000828420505,0.507547422296299
"2272",-0.402931443200591,8.17614070396115,0.766194526750604,0.410484069389396,0.509760662500725
"2032",-0.214237432862737,8.11241629026091,0.751646916661261,0.414742608970834,0.514167207011787
"1904",-0.248514873741861,7.29291109516447,0.739413963848973,0.418400905039609,0.51781582093791
"2645",0.237668943789208,6.86858477231361,0.726727158567746,0.422246571033993,0.521683476840633
"2838",-0.18980594544323,9.61071713317825,0.716370447088919,0.425375877674539,0.523893657617611
"976",0.319257006853302,7.86687467372089,0.716052563440883,0.425482694308225,0.523893657617611
"734",0.235105676024809,9.22183291962982,0.707753315139225,0.42804441946176,0.526153072479311
"96",0.255649650184829,7.79342103399484,0.705327977361929,0.428808447130572,0.526198840207684
"1825",-0.275506865903607,7.15990880423149,0.692444388604371,0.432877329850983,0.530293040291221
"2710",0.253334617796554,7.20415684732785,0.68535729696904,0.435134258841651,0.532157438177965
"1568",0.304807630734999,8.34812004139087,0.665213853446581,0.441644292098897,0.53920820822867
"661",-0.52978177556541,9.15158504062739,0.658328249891995,0.443911759441947,0.541064164707019
"2971",0.225356062840421,8.1537248975297,0.652559722750989,0.445833300639876,0.542492957417261
"1227",-0.254883177216657,8.58145309786052,0.643927877145303,0.448742028656885,0.545116155616753
"2851",-0.246387623219229,7.88415428660054,0.633302967053726,0.452340215500423,0.548566693504701
"481",-0.531411622203409,9.15745729904774,0.625110807957048,0.455152006928313,0.551053600361369
"1426",-0.249076806538051,9.62148105213518,0.617039764733779,0.457957404375522,0.553524475405472
"964",-0.517869846681512,9.141908351041,0.603418994574645,0.462762658017615,0.558070872268544
"1023",-0.259199738961301,6.63219286694596,0.602277293400668,0.463260489272645,0.558070872268544
"1628",-0.19930349482391,7.52515248091284,0.599623893840037,0.464128342840051,0.558187575109962
"1694",-0.212596134618922,8.04072262338764,0.593553308865795,0.466307051868131,0.559877786985949
"2328",0.304971641843342,6.92195862005757,0.581062181357589,0.470876676956786,0.56442833463032
"1370",0.632019775482411,10.2107089914023,0.571314025778964,0.474445983756982,0.567631751265268
"1369",0.630138935629395,10.2087318418175,0.567870671951374,0.475730384378826,0.567631751265268
"1017",-0.220067076236585,9.82045058663486,0.567415339995894,0.475901205825991,0.567631751265268
"1829",0.235016543494689,9.73239929903336,0.558875930539633,0.479115479422251,0.570525669575181
"652",-0.362060439932041,7.15119959382395,0.545722025209816,0.484162460776137,0.575096698566869
"1214",0.271307076500406,6.65578597756566,0.544560854532214,0.484542798516284,0.575096698566869
"613",-0.409338714266197,7.1779160449626,0.534088617199403,0.488688820311505,0.577538159348027
"629",0.172778517358622,8.2876727458356,0.532898351603166,0.489142922935509,0.577538159348027
"1837",0.273708619098909,7.84619157467267,0.532837691621317,0.489171196382465,0.577538159348027
"1997",-0.197141183539039,8.252577373029,0.53125749495636,0.489790648949846,0.577538159348027
"457",-0.211403825047318,9.90181409634197,0.521870720786301,0.493511078725019,0.580978895929941
"2798",-0.174159832719787,11.0466114224402,0.512101892506566,0.497443449611345,0.58465756090684
"346",0.3010001822538,6.85536809731093,0.504243669217164,0.500710680457167,0.587543813048604
"702",-0.197010428754161,7.49128382898407,0.488008714048516,0.507408628556412,0.594437731754696
"2371",0.294615040918666,6.88596297606619,0.48611342063712,0.508227839718449,0.594437731754696
"506",0.283242056600935,6.6397629555448,0.477174162533921,0.512043907643311,0.597935143764124
"765",0.201513810347662,6.49443738915385,0.471491128443089,0.514555541810066,0.599900502851027
"70",0.198888757052977,9.8141713823887,0.464703356278873,0.517387410990676,0.602232291892684
"773",-0.189483977803775,8.13172670447029,0.457963613960303,0.520350567252691,0.603988528556288
"2334",-0.216134437974935,7.14764459107386,0.456594388377781,0.520969007055897,0.603988528556288
"403",-0.379454685566148,7.1599661613824,0.455620654203002,0.521398936944309,0.603988528556288
"1975",-0.268984108982904,8.49840828270171,0.441381608561974,0.527769430135563,0.609547400554075
"1667",-0.223563355073797,6.54177638232747,0.441265945997794,0.527881519540615,0.609547400554075
"203",0.272031914059905,7.06054311563371,0.421158275662356,0.537124475252176,0.619232675290725
"1310",0.239438067005038,6.7074269759865,0.409606773335032,0.542622196447799,0.624576264273779
"1623",-0.254078918820426,7.28816654388819,0.406298206151525,0.544192702038495,0.625389708374397
"1242",0.213940654770226,7.40399286831433,0.400089993740038,0.547265572263761,0.62792436500628
"1463",0.265645281854689,7.87582580610812,0.380810584268831,0.556743957980117,0.637788964521527
"968",-0.288753015128327,6.56511700260022,0.37400825631459,0.560259983680562,0.640802888127531
"363",-0.22770737390147,7.35971921400174,0.3712004859392,0.561644072505013,0.641372726330645
"1595",0.244408917550219,6.91711984565015,0.350722468995073,0.572389668541842,0.652614362242982
"2931",0.2879497142334,6.95785771322584,0.349026288217759,0.573297748364732,0.652621965119601
"979",0.189657788948098,6.99450042925422,0.34205021623444,0.577074712251816,0.655890253799552
"2104",-0.179516078070486,7.13748636110247,0.319982528874516,0.589330505067672,0.668770040233533
"421",0.167043996292468,8.74455077705097,0.312393540142885,0.593670996637981,0.672641317004536
"1270",-0.125712801096389,9.5153711765192,0.291953665145017,0.605759851393673,0.68447671565983
"2038",-0.183613338463413,7.54481936559621,0.291555875150101,0.606007699914297,0.68447671565983
"1442",-0.18704688169938,9.40629154404257,0.273032381967317,0.617460273671883,0.696325916103494
"684",-0.149316940966772,6.82085782285468,0.268325394591466,0.620474195478013,0.69863657469064
"1272",0.124020498677351,8.09749179779699,0.254805480872029,0.62924410538262,0.707411074995368
"2791",-0.139169530867385,7.03846767481405,0.253342802003922,0.630223805441055,0.707414007967944
"1562",0.200592691078641,6.61736030494196,0.250438735775783,0.632176389148594,0.70850728443279
"1878",0.268950567163429,6.86262021511346,0.238437850237081,0.638346385629522,0.71431651189455
"1344",0.128579532209107,7.83376771511522,0.22784099713119,0.647704540317631,0.723669887638834
"1688",-0.152504629050622,7.31086277521864,0.223497115806586,0.650809983814721,0.726019149895005
"2700",-0.166428393879453,6.54750256643221,0.220793791947334,0.652793268926447,0.727111271850381
"829",0.142883892730168,6.94185653960896,0.219137223589035,0.653969994103049,0.727303034916447
"2229",-0.131427133428575,10.0206932601474,0.213844211951123,0.657827860348179,0.730471427748591
"874",-0.11985251542268,9.78515460697861,0.200807272363583,0.667636955328022,0.74022841601453
"103",0.198250363123986,7.91285495042273,0.199352717496485,0.668762752227435,0.740342863322114
"2123",-0.131415516109147,8.6150365398096,0.196479499206138,0.670980607808101,0.741664061149718
"1698",0.237872985724877,7.18631057049373,0.190414156205443,0.675288625831843,0.745097403513638
"2046",0.136849071279527,9.98082864742217,0.189902606621365,0.676145019486823,0.745097403513638
"149",-0.164527269038937,12.9785429337425,0.178486982708173,0.685375022468866,0.754120845391275
"807",-0.163312853308978,12.9767357436851,0.174933400158709,0.688320422329068,0.755921553753316
"752",0.151366187413612,7.98538482392811,0.17400407227864,0.689099758946393,0.755921553753316
"124",-0.119114623679978,7.27148588614004,0.172311386096121,0.690525011370126,0.756339044223859
"2854",0.109737890429252,10.1843144911918,0.165440063212268,0.696368541382535,0.761587347373045
"2167",0.109095774127549,7.2489194406879,0.160825887638643,0.700388842821405,0.764828841934687
"761",-0.157116365552585,9.66470583091461,0.159208480248615,0.701801559969303,0.765217363580987
"1857",-0.106271737131883,9.31609344289245,0.15398026874691,0.706457092896628,0.769135240988209
"2071",0.157896644201579,7.3030194702698,0.151876234500428,0.708364584189553,0.770053992422276
"1677",-0.108735517317533,7.9284148112632,0.147045457851949,0.71278003340959,0.772789550588532
"1114",0.091114921517634,8.86416201995164,0.146787925179315,0.713015773194944,0.772789550588532
"110",-0.110635706543187,7.6147979090368,0.132504728893757,0.726620720928094,0.786357850451331
"2435",0.0913855049268457,8.91526909870091,0.123835199655664,0.735287510348167,0.794549488794139
"2285",-0.0988733849386852,8.89025874141951,0.119920917615188,0.739315823705216,0.797711857470308
"2709",0.0919925266936707,7.61879525455916,0.117893839120671,0.741436281396533,0.798809326980788
"725",0.0830110937005035,9.01257448849759,0.116183587465613,0.743232279395121,0.799554487789105
"2972",-0.21533151768683,6.50483313811071,0.0910305515505826,0.771687966805479,0.828934848615974
"8",0.0922559729972123,10.7392676913767,0.0898088246173652,0.773139810986816,0.829264034302896
"1029",-0.112861353084018,6.92180248113369,0.0735985387103032,0.794023668200416,0.850404047007546
"446",-0.0997948814905989,9.18075298678746,0.0687663191258453,0.800705774881152,0.856293915825634
"636",0.0912996263904826,6.7391239212059,0.0645815521206923,0.806732937968243,0.860722858193656
"418",-0.139214731831747,7.45915228733773,0.0632327868576557,0.808702312846691,0.860722858193656
"682",0.103153473312165,7.93466128391962,0.0626756572788141,0.809522093865008,0.860722858193656
"2702",-0.113900056312624,6.46805955832045,0.0626441446507507,0.809602577941823,0.860722858193656
"1410",-0.126589443602788,9.93059686998122,0.0566206270675154,0.818747179875561,0.869168560454408
"1167",-0.0676206987976952,8.94995601958764,0.0523912954716602,0.825509530628912,0.875064275512931
"2178",0.054558992906507,7.8474351637393,0.0513795663236845,0.827171105984714,0.875543685282066
"243",0.0527611207844229,8.80489135879646,0.0501250856618756,0.829252369411609,0.876465278035044
"1411",-0.0869281692659917,10.4457326018793,0.0473912599794067,0.833888015891745,0.880080063419276
"2189",-0.0984923009401549,6.6754275972157,0.0441964673815828,0.839499607879743,0.884712832758274
"2698",0.0681961710898,6.69511559577517,0.0406230369563966,0.846022083321603,0.88988992562784
"1412",-0.106403105223482,9.93556040323723,0.0401634673521894,0.846870385024284,0.88988992562784
"1409",-0.102112787925793,9.9350523430882,0.0362639344268045,0.854386784080804,0.896487002426815
"1399",0.0679369749115962,6.63972465482165,0.0348746562358435,0.857176174083897,0.898112228707296
"115",0.0453816411526179,10.8756151404696,0.0285088331767963,0.870702515827125,0.910115993874712
"470",-0.0396204446948558,9.30194334540637,0.0283111611769114,0.871146938888364,0.910115993874712
"2092",-0.0391742220545473,8.12959716043374,0.026721106453455,0.874781019839085,0.911762328895689
"2891",-0.0589686175971541,6.56602714950015,0.0265285336073334,0.875241462130531,0.911762328895689
"2889",0.0533135582140362,6.78805615272314,0.0252884982929716,0.878157996683019,0.913486191951876
"375",0.0396105998616436,9.38952906245917,0.0236656821580061,0.882088151977521,0.915767456557697
"2310",-0.0367053487447286,8.17067509352096,0.0233459921608562,0.882880779940984,0.915767456557697
"2820",0.0477310463990566,6.71672044399679,0.0204778458346727,0.89025861441247,0.922099051265563
"2699",0.0357945846093969,7.59676065994984,0.0176371852592355,0.898093763665038,0.92888554984784
"1361",-0.0529117472354747,6.66058652822692,0.0159297402267976,0.903125236585808,0.932757020382489
"2908",0.0355920590890679,6.61537920994474,0.0139337701234599,0.909368177175464,0.937866894978683
"2112",0.052718331532604,8.15343808285987,0.0127021688426289,0.913435937071365,0.939427464554476
"55",0.0465220368316761,7.94935192963418,0.012690505351942,0.913476429622032,0.939427464554476
"589",-0.039500672928066,10.4247627321439,0.00945816218638532,0.925256611726434,0.949776320456148
"2756",0.0242357322612737,7.75755728122424,0.00922981644109261,0.926163097019393,0.949776320456148
"834",-0.0240669963546679,10.2463812372274,0.00759251672181711,0.933009020559757,0.955443466598676
"869",0.0296241792436625,7.2111344141303,0.0064085681209252,0.938418201451947,0.959625392445212
"518",-0.0201630905494864,10.9165398608436,0.00613167062338674,0.939780977975307,0.959663509244178
"738",0.0241838395248287,6.34884378039705,0.0047624459971351,0.946925163164935,0.965596926945652
"1908",-0.0183505157928602,10.1781626990065,0.00400657936093402,0.951302514341979,0.968696231200553
"2073",-0.0196375506249575,7.50060973624893,0.00371625188561718,0.953098274877536,0.969161728948505
"1223",0.025590190791963,6.53565934409998,0.00286877331430439,0.958492649912947,0.97251859771935
"912",-0.014647938633581,9.4440018371815,0.00282689567972939,0.959086020402785,0.97251859771935
"1847",-0.0192123008190945,7.8573723825743,0.00237860533028904,0.962467313893513,0.974023187151076
"1926",-0.0373983807989416,6.38232242995644,0.00227958832955253,0.963260500000236,0.974023187151076
"471",0.0170365362575124,7.25489275966022,0.00165398246426582,0.968698247654941,0.977146458389668
"1445",0.0119870141485075,6.99336186650407,0.0016171930786787,0.969048559563234,0.977146458389668
"166",-0.00973347398280248,7.20316380683793,0.000651798869208953,0.98034647603781,0.985807477392429
"2751",0.00736995890132402,6.62519788080122,0.000593411639152687,0.981248878633291,0.985807477392429
"2807",0.00800784704919363,6.75750152133543,0.000563753627086371,0.981722639778925,0.985807477392429
"1970",-0.00657514300305558,6.93468457937832,0.00025297792133772,0.987756032278259,0.990492198572659
"1877",0.00381624815620588,6.78594490846738,7.35679102878526e-05,0.993396634098005,0.994770626676288
"519",-0.000723522967068887,10.0309899690155,8.19557643261603e-06,0.997795855331458,0.997795855331458
