"","logFC","logCPM","LR","PValue","FDR"
"490",6.11614225300482,8.54181971983726,122.888149831674,1.47535821772684e-28,1.06815934963423e-25
"74",10.4262183182296,9.12086765150724,117.537963554182,2.1887040226717e-27,7.92310856207157e-25
"1717",7.13177723530056,9.98389498266233,111.355627599278,4.9453897165188e-26,1.19348738491987e-23
"1111",9.62505616818501,8.35956558589587,107.375146789678,3.68397579351034e-25,6.66799618625372e-23
"1027",-5.25753207713406,6.42119900294301,97.5696917813392,5.19937059183459e-23,7.52868861697648e-21
"1334",9.23007382816918,8.15781345338801,94.0683445101404,3.04815292709933e-22,3.6781045320332e-20
"1528",5.06948559748696,8.52047763129038,91.9961388740768,8.68457623172245e-22,8.98233313109579e-20
"1963",-6.42010994376269,6.95425397335846,89.5711512013185,2.95806320156339e-21,2.67704719741486e-19
"1353",8.87337551826541,7.69361913171959,85.269928845516,2.60291804693148e-20,2.09390296219821e-18
"764",9.09224325317372,7.78293475369614,81.1612368280628,2.08032734316388e-19,1.50615699645065e-17
"2076",6.3144196758018,7.43484584151372,75.7211008564613,3.26697706652394e-18,2.15026490560303e-16
"2962",6.14597048544819,7.27583509737045,73.2756741610246,1.12748974410379e-17,6.80252145609285e-16
"2322",4.54016452715339,8.66252440303588,72.4170068806422,1.74206184958964e-17,9.70194445463771e-16
"1159",5.08729417099955,6.45998791030268,69.6791332122277,6.97804260911012e-17,3.6086448921398e-15
"2500",4.1068324580588,9.59233090735353,68.6058086000542,1.2024939423748e-16,5.51719594965001e-15
"1696",8.37413629464955,7.3062968033623,68.5784870934614,1.21926982312707e-16,5.51719594965001e-15
"901",8.08788448320329,6.90704937812276,68.230401061943,1.45465687365792e-16,6.19512692075489e-15
"1208",-3.66146228943747,7.14157719525028,67.6622071530901,1.94047606558845e-16,7.80502595270022e-15
"1212",-3.95639672050921,9.12002336982229,65.5639426155453,5.62587007113274e-16,2.14375259552637e-14
"615",5.73748961233419,6.71507526790693,65.348343967102,6.27626449415192e-16,2.27200774688299e-14
"2468",3.73888441439523,8.0597216060974,55.8709053383931,7.73894181078316e-14,2.66809231952715e-12
"948",3.48621921835655,8.24795855953918,54.2848713311106,1.73431938660734e-13,5.70748743592596e-12
"1199",-5.99371078505932,6.68295184438252,53.7824556842955,2.23963741469908e-13,7.04998907931363e-12
"2298",3.81023315111665,7.28273305037581,53.286708333009,2.88250331471793e-13,8.58824010201949e-12
"1256",7.77798513399912,6.98666244709045,53.2309114235079,2.96555252141557e-13,8.58824010201949e-12
"1716",5.69662381784832,6.61743571618627,52.1754096461867,5.0757786657361e-13,1.41340913615113e-11
"1202",3.23335702629906,6.56761339540959,51.7411731926298,6.33208556127156e-13,1.6979370171706e-11
"2369",3.59719507021263,6.81057558750908,51.524894999436,7.06949400032805e-13,1.82796916294197e-11
"2934",2.97166408930027,8.55056835150243,50.7263515890354,1.06184290823486e-12,2.65094574331739e-11
"2340",7.48796214835206,6.73369622757864,49.1020989302719,2.42980072870371e-12,5.86391909193828e-11
"2430",-3.15890294630376,9.39850470849488,46.4845684099772,9.23428218664504e-12,2.15665171068742e-10
"1917",-3.45469335397071,10.5315502195657,46.2097285644198,1.06248101239766e-11,2.39182410225948e-10
"2959",-3.45436889562744,6.26885760647294,46.1592764813554,1.09019606870943e-11,2.39182410225948e-10
"2262",-3.25657035528597,6.33538307802071,45.952526596693,1.21153572985315e-11,2.57985843651082e-10
"67",-3.01100510300971,7.56190272535424,45.7440740649306,1.34756398006023e-11,2.7739620909991e-10
"1560",2.78212147037635,8.41597367026706,45.6984508184718,1.37931816679513e-11,2.7739620909991e-10
"2166",3.04200369793895,6.40597330904006,44.832893151125,2.14587445238751e-11,4.19895433386097e-10
"1317",3.03758653781769,10.0388136387776,43.9340390061231,3.39630654420860e-11,6.38210308234533e-10
"1122",4.70498936570318,7.07869219743064,43.9102298263452,3.43787320734071e-11,6.38210308234533e-10
"1941",4.34131840585209,6.34312384395221,43.609394803881,4.00909782590327e-11,7.25646706488492e-10
"1269",7.45895608747265,6.49024802776662,43.2503056694162,4.81662466416122e-11,8.50545428500664e-10
"266",3.30116855244359,10.6708779148932,42.8272541861647,5.9793289079695e-11,1.03072241175474e-09
"1292",2.87873316758366,6.41708418583191,42.7395093219702,6.2536362459265e-11,1.05293782373274e-09
"1213",-2.60143007766623,6.54273792824097,42.692638924809,6.405287432717e-11,1.05396093211071e-09
"1094",3.66484776243928,6.49383000397518,42.4143420199639,7.38465373539486e-11,1.16874118371822e-09
"2149",-2.80906318277613,7.04826245611478,42.4034999933037,7.42570365345833e-11,1.16874118371822e-09
"1689",3.08356688529803,6.56416321420522,42.0437139814036,8.9255648393579e-11,1.35728797881596e-09
"699",-2.80965280439252,9.12270109907009,42.027779320793,8.99859433469146e-11,1.35728797881596e-09
"1843",3.57595496196171,6.74298246095258,41.5451997024404,1.15176943333054e-10,1.70179810149248e-09
"2933",3.19075701297312,7.02222637037121,41.4502931694215,1.20906427924848e-10,1.75072507635179e-09
"1708",2.93714001959404,9.49377416530118,40.5643673284631,1.90244519046193e-10,2.7007261135185e-09
"2846",3.19432236365515,6.18665173450026,39.4833679651248,3.30865459897942e-10,4.60666524934827e-09
"2736",4.20504498420219,6.39772278952383,39.3711355426504,3.50439081833995e-10,4.78713009901533e-09
"1224",-2.98606829397176,8.67427049111479,38.6635884919187,5.03514923540825e-10,6.75082971562143e-09
"1378",-2.32883247679916,8.5614212347861,37.287785514969,1.0192096212174e-09,1.34165048320254e-08
"1544",3.40920785322388,7.33766710207202,36.2945901417509,1.6963408458339e-09,2.19312637925668e-08
"1631",4.98612067751254,6.50446827193997,35.8764494665414,2.10234571620114e-09,2.67034789215724e-08
"2381",-2.59393683816909,6.9413501942467,34.7772944400893,3.69659609834778e-09,4.61437168138584e-08
"2299",3.0632294703594,6.50122407902657,34.6996370300623,3.84703307000642e-09,4.72076600455025e-08
"241",2.37826651555412,7.8983822829457,34.1237911451444,5.17150989547774e-09,6.2402886072098e-08
"1742",2.81821464493705,6.47492702829006,33.5161321125696,7.06753592588076e-09,8.38835411530765e-08
"1309",3.48058401583866,7.01101447951488,33.3960081984279,7.51781120508612e-09,8.7788634072296e-08
"1791",3.07786054417707,8.82966029618834,33.2286365922381,8.19349759076981e-09,9.4160194535196e-08
"2177",-2.25722873683079,6.64273621015202,33.0032202510428,9.20063531018597e-09,1.04082186946479e-07
"390",2.57005183363883,7.42220182718525,32.5631198707598,1.15383588043973e-08,1.28519565759748e-07
"2052",-2.08923011649818,6.56743468549977,32.1728581543625,1.41047446939307e-08,1.54724775127361e-07
"2245",-3.74236032903683,6.81604508307007,32.005870081422,1.53707410387174e-08,1.66095768836289e-07
"2637",2.31907317089394,6.64309089031128,31.1796294230421,2.35221502420829e-08,2.50441717283354e-07
"1945",2.37542222740765,7.1826378927969,30.6116429979607,3.15196585522179e-08,3.30728011475445e-07
"1838",-2.36298048032063,9.67223711509384,30.5059117550105,3.32850672673994e-08,3.44262695737102e-07
"1749",-2.1765319391504,6.50854428259246,30.4553178658565,3.41645498397026e-08,3.48289632999969e-07
"2463",2.79275486416241,9.39026322070515,30.4287012560216,3.46365380883947e-08,3.48289632999969e-07
"858",2.39479879507437,7.73973781388996,30.2243009699233,3.84857022738006e-08,3.81693814331941e-07
"1786",4.64124962142048,6.32229707306642,30.1969080436818,3.90331252236258e-08,3.81891657593312e-07
"360",-2.44757020576597,6.9705426416425,29.9870461448213,4.3494221800055e-08,4.19864221109864e-07
"2086",-2.78038711831657,7.30872873532355,29.2204431462195,6.45940749863324e-08,6.15343556448746e-07
"2292",3.30638455877249,6.42031792804656,29.1902927559293,6.56070786126826e-08,6.16876946955613e-07
"448",2.65858263949053,6.13428902373681,28.8625349512957,7.77014084017247e-08,7.21228457472419e-07
"2546",-2.16105329996348,6.73002690259113,28.7301551922116,8.31980972582738e-08,7.62473701455572e-07
"1235",-2.40184348872509,6.60563299927471,28.3355284263405,1.02006522787794e-07,9.23159031229536e-07
"2108",-2.32637730230689,9.84571804045037,27.9583004808777,1.23958084921841e-07,1.10797103065942e-06
"830",2.90570802389422,6.41414580392876,27.569460749385,1.51552820011024e-07,1.33810050839001e-06
"2173",-2.28141242097552,6.50748267727512,27.3092195711918,1.73382739182331e-07,1.51239883334949e-06
"1955",2.16642347156741,7.14267041403459,27.0534208934624,1.97909677692666e-07,1.70579293630345e-06
"2863",2.07486466031601,8.10928724786934,26.3613175483645,2.8315485568146e-07,2.41181312368679e-06
"489",2.13378486239098,6.3856578034546,25.5075657695835,4.40651566885923e-07,3.709671330528e-06
"1336",-3.1056393260108,12.0735256183527,25.4234204057471,4.602959024701e-07,3.83050842975118e-06
"10",3.10716947043149,6.70632766697275,25.3946934000422,4.67201537097805e-07,3.84379446430467e-06
"2504",4.32107788621071,6.14579391422924,25.3543479729734,4.77075836239961e-07,3.88093152177226e-06
"355",-2.05205528706826,6.96196334597682,25.1171030322753,5.39522168502134e-07,4.34015611106161e-06
"2378",-1.93896485635561,6.81743554290799,24.97640468266,5.80362285773108e-07,4.61738785604099e-06
"2499",1.92471051790938,8.36735660443051,24.8671185508996,6.14211812660656e-07,4.83357991702516e-06
"1444",-2.55751241844983,7.38850390477373,24.5739465670461,7.15120903926322e-07,5.56717778970599e-06
"282",2.13784652159105,7.58528358999581,24.3556599175455,8.00910789773757e-07,6.16871714676809e-06
"2867",2.12152584550487,8.70416974756705,24.1207266895785,9.04811645209526e-07,6.89561716980733e-06
"2984",-2.06480397486588,6.57034072089395,23.4059438260291,1.31172608413418e-06,9.89260088451196e-06
"1795",2.14663144681688,6.92241084584461,23.048759738635,1.57944364208903e-06,1.17806775909579e-05
"2031",2.06582852347492,6.92413592018328,23.0271572200917,1.59729065929034e-06,1.17806775909579e-05
"39",2.753237503884,6.55441685302851,23.0108536281761,1.61089375898458e-06,1.17806775909579e-05
"1168",1.9394230349943,8.59686952327859,22.4333517365098,2.17563098681791e-06,1.57515683445617e-05
"1808",2.39640758144613,5.80401935950193,21.8036784187653,3.02020551529924e-06,2.16497900304619e-05
"1206",-1.98929223226439,9.01969457534566,21.2130275497817,4.10961642322837e-06,2.91702185335033e-05
"2143",2.58105714235738,6.40247089277618,21.1139542566904,4.32765244538916e-06,3.04196152472015e-05
"2271",1.88334635097817,7.94456229499964,21.0879907891569,4.38668708524671e-06,3.0538090862679e-05
"2018",-1.67701216262803,7.99328925602498,20.9322249935274,4.75822403641078e-06,3.28090876415372e-05
"1590",2.19180446015789,7.20767593200627,20.7942726834574,5.1135656643879e-06,3.49266183114796e-05
"1909",-1.62319473550926,8.4047043409977,20.5303621888731,5.86928360310553e-06,3.97136572770879e-05
"920",1.92468081013576,9.27870863665305,20.4127878465154,6.24113554584708e-06,4.18387234740119e-05
"350",-1.8302978330099,8.35592709695386,20.2794807095061,6.69143815816123e-06,4.44458828120067e-05
"1684",2.00719801881987,7.31974651004941,20.1527764966713,7.1496390371791e-06,4.70576242083424e-05
"1462",2.11218338017223,6.7595134811724,20.0711445055313,7.46139867352064e-06,4.8667140897558e-05
"132",-1.99391370189402,7.87891266026438,20.0237254538596,7.64872533461581e-06,4.94435459130522e-05
"608",-1.8279104067053,8.22764477653888,19.9963381074374,7.75906119784184e-06,4.97129230728982e-05
"2238",-1.83376316541507,6.21733217124405,19.9055896704046,8.13620917782061e-06,5.16720653047554e-05
"1851",1.91728679107757,9.30196887717692,19.7650107900181,8.75711986273174e-06,5.51317807010242e-05
"198",1.89445869625091,9.32020430103446,19.3708628755491,1.07636844933515e-05,6.71802376998832e-05
"2961",2.52850091333911,6.24957557217352,19.2115156255968,1.17005436672768e-05,7.2403364231696e-05
"712",2.0034659914851,7.50640728107242,19.0432249855721,1.27790663164303e-05,7.84071526533519e-05
"1759",-1.72817610158452,6.3985404116671,18.9692346927366,1.32843252847561e-05,8.08222815643987e-05
"2519",5.89593963521287,5.94602165906642,18.8166006965878,1.4390909074399e-05,8.68251514155404e-05
"1419",1.88102159931194,6.59629124256084,18.7561837221562,1.48540919790124e-05,8.8879029692603e-05
"2022",-2.34547277816819,11.9356694791426,18.4639856768248,1.73145483774845e-05,0.000102751910043433
"335",2.06645251779605,6.40922263920431,18.2458572659011,1.9414774581427e-05,0.000114278835747587
"2244",-1.69201026215074,6.2635203277095,17.6657991482702,2.63318875409114e-05,0.000153744246609837
"195",-1.522732206773,8.04577508541724,17.5682604537565,2.77176206239006e-05,0.000160540458653632
"524",-1.69753531753231,8.86055579197037,17.5283776753138,2.83051326062804e-05,0.000162338141953106
"899",3.25245580775205,6.47152194955821,17.5169050311603,2.84764420276857e-05,0.000162338141953106
"1404",-2.11724336893333,7.64653053930193,17.4935283149048,2.88287342879195e-05,0.000163062528316045
"1211",-1.64602554688987,6.1379583560872,17.398606085155,3.03048136352644e-05,0.000168914583034779
"1920",-1.60580421159768,7.98291811970471,17.3970291493466,3.03299665670183e-05,0.000168914583034779
"488",-1.808374662471,7.25916590408402,17.1826293553489,3.39526837217476e-05,0.000187646893240803
"753",1.767649300387,7.90026465333792,17.1523781045368,3.44977237800473e-05,0.000189214788005714
"2034",1.75787687335816,6.78823560328505,16.7858782288914,4.18435419441472e-05,0.000227779882462876
"194",-1.52518792731893,7.67861551619952,16.7577645629466,4.24681200117947e-05,0.000229454618571189
"1516",1.93040483875906,6.40463325996005,16.7119881615062,4.35052159784636e-05,0.000233316861988205
"941",-1.56965620260543,6.55426208949556,16.5365235124649,4.77219367345626e-05,0.000254049133792819
"1439",1.59531985175892,8.0376827663713,16.47206142174,4.93722854047015e-05,0.00026091631118981
"287",-1.65970888422492,7.97234106865253,16.453395396294,4.98607991018824e-05,0.000261588540215673
"426",1.79560595660029,6.94760973112296,16.1051261438274,5.99216210593174e-05,0.000310270862611774
"86",1.72120984056797,6.74917810100602,16.095976983811,6.02118100903489e-05,0.000310270862611774
"2673",1.82730742263949,6.10003424974871,16.0892624047993,6.04256790445583e-05,0.000310270862611774
"918",1.73117840922798,9.95015293199618,16.0563358010698,6.14855496240196e-05,0.000313489703716832
"2308",1.72749890124637,9.94929698436156,15.9804527042205,6.39998960415417e-05,0.000324027445692841
"2440",1.78507675565007,6.60610437513824,15.737276511017,7.2775778320997e-05,0.00036590044100279
"276",1.6177108722113,8.3674312967391,15.5673462243631,7.9617797763029e-05,0.00039753990055471
"1533",-1.47538251415624,8.48122240031549,15.5310492375961,8.116116067676e-05,0.000398365826445114
"1082",1.63750859263075,6.23181332595779,15.5290118594065,8.124867765205e-05,0.000398365826445114
"480",1.69312252090277,9.99237565362058,15.5247072318486,8.14338982235868e-05,0.000398365826445114
"805",1.83593909303863,6.97098978824301,15.4906781974684,8.29131407745032e-05,0.000402879959199599
"1069",1.68609701994132,9.9781936609636,15.3727491454481,8.8251915643769e-05,0.000425962579507258
"5",1.72332141356541,9.94140879201566,15.3136873885088,9.10543711160257e-05,0.000436578574092733
"1447",1.68022272321117,9.98443485431949,15.2963840721424,9.18922427882849e-05,0.000436591473696924
"4",1.72330775641838,9.94295589670634,15.2887756223878,9.22631152978306e-05,0.000436591473696924
"267",1.80263322106293,6.80506762572779,15.2631262154613,9.35245247341555e-05,0.000438727089034328
"2088",1.667084230598,9.99080657296845,15.2550279984927,9.39263795584543e-05,0.000438727089034328
"817",1.51664462265733,6.72523719121938,15.1959332030287,9.69119049406777e-05,0.000449770635750325
"2396",1.64904430520475,7.33762268227592,15.1741883549242,9.80343538277222e-05,0.000452081988352044
"71",1.71695116585277,6.31347116675487,15.0290917040182,0.000105866576639636,0.000485110135994283
"706",1.65956520200774,7.42415268031713,14.9625213554809,0.000109667866241832,0.000499368145654631
"1957",1.64701250083053,6.73802487728523,14.8311604769321,0.000117576668400593,0.000532034424512685
"1938",1.68220811514862,6.58695133345965,14.5116859745777,0.000139292779465517,0.000626384921323195
"1100",1.7413468803411,6.43775102992463,14.4643278665092,0.000142839125011193,0.000638367447580885
"2811",-1.34931495361088,6.92075118727842,14.4521977062179,0.00014376200970431,0.000638550276232639
"2119",1.65607252803957,7.05959683247978,14.3499267656742,0.000151785599039276,0.000670077888441682
"1855",1.61510499587785,9.97324438543585,14.2054477903211,0.000163895328247672,0.000719152834250391
"2517",1.6492703871157,6.73482782673175,14.1926900650328,0.000165010304423237,0.000719683496400142
"2982",-1.54001547158419,6.58325052870358,13.9646707007334,0.000186278290754415,0.000807577739558061
"1506",1.73205238866291,5.99603336564707,13.8705746014922,0.00019584080793395,0.000843980624667736
"727",1.62580021542095,6.56292760322611,13.8191366504654,0.000201275703411053,0.000859297692105532
"1112",1.5390307841586,8.32526437625654,13.8145392738031,0.000201768795107652,0.000859297692105532
"1087",1.61513532762442,10.2751513176263,13.7631640180243,0.000207362541637729,0.000877956024243953
"20",-1.70229597853648,7.10786413857181,13.3184459545072,0.000262807899176913,0.00110623790118654
"2628",-1.36910595099589,6.66872956456512,13.0757908810105,0.000299136888993835,0.00125187923486437
"2220",1.51952622996262,9.74400268035725,12.8402587446494,0.000339240699978707,0.00141155325738267
"227",1.28708513064111,8.24361239223009,12.7752894656106,0.00035122826291503,0.00145308149914561
"1849",-1.4324922894607,8.36991915188352,12.7193075821464,0.000361899737962475,0.00148872392207291
"2030",-1.41557505987564,8.25711194598714,12.6440348953899,0.000376765920835687,0.00154112161968948
"547",-1.91470427801864,11.2578817004758,12.6320479113194,0.000379189543752967,0.00154232151504016
"2069",1.42514658847779,7.54849187634497,12.5841187843655,0.000389038422091243,0.00157354088041374
"2905",1.45558309759952,6.2742596890106,12.5433206940297,0.000397625048649201,0.00159933630678901
"2420",1.53299163712727,6.4754611412646,12.5310148661847,0.000400252354280291,0.00160100941712116
"1894",-1.49611921571172,6.42458338579195,12.3287402040354,0.000446037327573691,0.00177434629210633
"961",1.36223668979085,8.69667543004929,12.264368382103,0.00046168945878048,0.00182657468938288
"206",-1.3998621451374,6.69941424163467,12.204362361586,0.000476778955745801,0.00187576975089147
"336",1.4276256843276,7.54094964277122,12.1945015694479,0.000479305806512324,0.00187576975089147
"135",-1.49092625405104,6.64629720213622,12.0694650943632,0.000512544045258583,0.00198498938605003
"1823",1.48989415785032,9.97781205024555,12.0689068836927,0.000512697534794691,0.00198498938605003
"2692",-1.40749261835969,7.70272687778985,11.8612042105116,0.000573154709068878,0.00220725536896738
"2045",1.44825875774629,9.28134767482142,11.7901870249894,0.000595437529606464,0.00228093529859831
"311",-1.62028639863,7.41675412234362,11.6358201597128,0.000646938114017065,0.00246517470814924
"289",-1.40299537305565,6.97800830581277,11.5889726367848,0.000663440539969305,0.00251482173265852
"2309",1.4447759701325,9.9025850125696,11.5061668897462,0.000693656710541978,0.00261566384600204
"954",-2.33283973221309,7.7596382053177,11.3959637464968,0.000736038535600797,0.00276109792629522
"685",1.43780291683461,9.42916725782208,11.3682838604193,0.00074708873428908,0.00278810434858399
"963",1.30722932343286,6.40014791606492,11.1970145342202,0.000819290415257869,0.00304187825972665
"308",-1.60316516094033,7.24295060275304,11.1854901411305,0.000824394759309514,0.00304521329459229
"1406",1.25416672236261,6.91876416260996,11.1556392760298,0.000837766161957665,0.00307889696069721
"1845",1.34266575313857,7.33216375627651,11.0904136955137,0.000867751240742788,0.00317298938534231
"639",-1.36752908962006,10.2677635638232,11.060571985365,0.00088182935175331,0.003208263571203
"978",-1.23301385132504,7.83615825533065,10.9863111814474,0.000917873210062687,0.00332270102042693
"2505",1.36252140137124,9.44057812929533,10.8691602280536,0.0009777885671503,0.00352198468963591
"171",-1.37573443033332,6.62600847887833,10.839318026695,0.000993673230834478,0.00356148227289189
"264",-1.57091670434678,7.43568909326932,10.7269350343258,0.00105587193518953,0.00376576985752326
"2764",1.34588971501909,7.85673441217772,10.4839992614485,0.00120412822363647,0.00427347467604316
"2533",-1.32129541607067,8.270002794232,10.3994842487395,0.00126050515471877,0.00445173527812874
"1325",1.29068188516227,6.43691628936447,10.3796344580575,0.00127412918059743,0.00447800741142011
"2105",1.170614487936,8.24331746650307,10.1683859543999,0.00142869292754019,0.00499697429729032
"2482",1.29096224159119,7.57900618932649,10.0746458813494,0.00150323510709398,0.00523241450738482
"2042",1.34398897664313,9.54600961386846,9.94820618281677,0.00161006208402248,0.00556193984278222
"663",-1.67414342462961,11.5334177172372,9.94454221355053,0.00161326984390092,0.00556193984278222
"94",-1.10981331871743,8.32286372253671,9.9051631127779,0.00164815720306798,0.00565528822284938
"785",-2.47284659462121,13.3588667037002,9.88569687447827,0.00166568436334811,0.00568846924086807
"940",-2.48231197322901,10.0569805798094,9.78923509975967,0.00175536466303075,0.00596659162457402
"2507",1.30832830563795,6.9570533413635,9.61750580646868,0.00192731307665418,0.00652044237148422
"1705",-1.1890721584713,6.15317913099223,9.57098616199286,0.00197676567709741,0.00665664348938848
"2767",-1.2134238408553,6.58342484414406,9.40847341486507,0.00215984974923678,0.00723949638170106
"431",-1.69908507516665,7.07973239053848,9.39234201990801,0.00217893674218785,0.0072698165960553
"84",1.31453453628187,10.145622662191,9.34534573078358,0.0022355247623434,0.00742440333915882
"2269",1.21507261170542,7.6603603251433,9.23559730538798,0.00237354963008941,0.00784680334330927
"2553",1.14991406944173,7.14168459078552,9.13375098689504,0.00250936711529137,0.0082580990521407
"410",-1.28186982476283,6.72548522416258,9.09019068344919,0.00256984077525673,0.00841884489269624
"327",1.25076356318092,6.85281739057459,9.02576836550429,0.00266200005887023,0.00868147766946867
"368",-2.36650990920487,10.0266648809758,8.89116831496901,0.00286553315624659,0.00928321040877822
"1155",1.21841884252232,7.14936783594938,8.88210670302373,0.0028797904942565,0.00928321040877822
"660",-1.68992087648885,12.76403528384,8.8788224652435,0.00288497561046285,0.00928321040877822
"238",-1.24084596793102,7.67978056973731,8.84040090663096,0.00294634416699281,0.0094387308712513
"2782",-1.23696840281226,6.92764894423633,8.79203626329536,0.00302548356278358,0.00964955990949476
"1356",1.30871863409144,6.94735578631427,8.76343790986372,0.00307329184147624,0.00975904953170525
"2772",1.04288334441272,6.6063043936797,8.67422488129339,0.00322742096620068,0.0102001919369435
"1085",1.14689508253252,7.32988921625289,8.66691527439481,0.00324039246615609,0.0102001919369435
"2779",1.26380532010931,6.94260587274205,8.64014875077835,0.00328834580510291,0.0103063305753009
"1979",1.16061352280045,7.75344871084479,8.56915664420571,0.00341905492379496,0.0106698093311532
"2081",1.10810746627513,8.08517618161789,8.35553332811435,0.00384514591501434,0.0119480070492291
"2268",1.20364617196702,9.59079673852302,8.33136376840815,0.00389663943337434,0.0120562690160813
"2554",1.24615936091679,6.45462133180778,8.31581417875068,0.00393013834592541,0.0121081709040425
"165",-1.76011556846663,9.42063082374477,8.28528148981342,0.00399677084428473,0.0122612800477209
"1503",-1.27937190558603,7.45836567161382,8.17662086316315,0.00424337345875064,0.0129285259906691
"2316",1.26879467804757,6.98647096473941,8.16650247213557,0.00426711109772172,0.0129285259906691
"260",-2.20302509104079,10.6591495895179,8.16619176725946,0.0042678421433286,0.0129285259906691
"21",-1.77043846705487,13.2718179116819,8.14000772520572,0.00432990993091238,0.0130618949582523
"262",-2.24450042186555,10.6456407421882,8.05402853968328,0.00454025818994928,0.0136396138154493
"1737",-1.04131098517687,6.59821110752296,8.02963088731831,0.00460182165012012,0.0137674333664751
"737",-1.02169468237109,6.89390540984353,8.00814649780266,0.00465673768119342,0.0138743953958191
"1671",-1.45551700131232,10.9269133612565,7.97304866991566,0.00474789083229834,0.0140880039450164
"2170",-1.17089375072791,7.55614612819616,7.93379621864494,0.00485198949186033,0.0143381240494158
"1832",1.15647409462326,9.46094920363838,7.9086363993405,0.00491993411658146,0.0144321156176533
"1105",1.10953062949603,7.58316763856537,7.9072655863644,0.00492366375353641,0.0144321156176533
"1678",1.13640329900344,6.70669364643256,7.89510437931899,0.00495687773850123,0.0144708850107859
"1481",1.17828581902285,9.6705617861577,7.82607312433427,0.0051497861773744,0.0149275574995748
"1031",1.11335607178836,7.16491840635853,7.82440428204903,0.00515454333548854,0.0149275574995748
"2967",1.06144488669901,6.92710520516934,7.81338618626836,0.00518606383574101,0.0149590048489103
"2604",1.32428476706481,7.14565895120948,7.75345944447836,0.00536097513098277,0.0154021666461568
"2868",1.14166854609672,6.59019948246794,7.57588618050661,0.00591542900531531,0.0169279470349735
"514",1.18636540722299,6.78375469360034,7.5644297396171,0.00595314878789711,0.0169688178048721
"62",-0.976230829294198,7.31662313269471,7.54354875346641,0.00602253090783773,0.0170583177153487
"7",1.10130270299083,7.15596544960717,7.54081649134603,0.0060316703523885,0.0170583177153487
"2768",-1.15468467491649,10.2878565988447,7.4564065350721,0.00632110669521571,0.0178073200285454
"2689",-1.38774715402629,6.70325263298666,7.42369124722824,0.00643706269731848,0.0180636953211573
"997",-1.27563554112173,10.7983771111958,7.4125018914812,0.00647721869801072,0.0181062020747481
"1443",1.2278183479316,9.71426865180259,7.36810107933274,0.00663910054342537,0.0184873415132306
"853",1.05095775559513,7.47858828543101,7.33912488651631,0.0067469677112232,0.0187157265246191
"9",1.1867913628102,9.34321498286568,7.22527944939759,0.00718839814484005,0.0198641231178023
"2608",-1.13848573734214,10.3255671159472,7.20297333824887,0.00727828939421708,0.0200360514122173
"1157",1.0996886078898,9.13657512347768,7.17129851100939,0.00740791348421161,0.0203042123892432
"2766",1.15237617241522,6.55297075947952,7.16552578152917,0.00743179044633902,0.0203042123892432
"1232",-2.44313510127589,7.55063027946918,7.14513644657882,0.00751675550576063,0.0204591390457545
"2965",1.11744400568577,9.20318813695468,7.04950466467303,0.00792871737636144,0.0214223505707064
"1626",1.07139244661007,6.72830283163454,7.049255495336,0.0079298203770018,0.0214223505707064
"2025",0.982971023489507,8.43345220883575,6.98801091040812,0.00820574946796083,0.0220853628803109
"2512",-1.00674608362089,7.60714004809209,6.87823724104907,0.00872515747133204,0.0233963481823867
"1291",-1.09849172084827,7.62462277627159,6.7796223691324,0.00922043953308238,0.0245958063238669
"128",0.964516063968693,6.41897344814838,6.77224343431897,0.00925863786444488,0.0245958063238669
"2087",1.08723833856008,9.4707650465449,6.76574254532526,0.0092924251181095,0.0245958063238669
"2215",-0.988302907722962,6.66051020507525,6.76229786557418,0.00931037940735975,0.0245958063238669
"1580",1.1672259224435,6.49488658376861,6.75618471915656,0.00934232975008755,0.0245958063238669
"288",-1.24365983213819,11.5056158754358,6.69640504910577,0.00966075045357683,0.0253419685811218
"625",-0.970546027593377,8.22466547514576,6.67156834921444,0.0097962945821255,0.0256047555142919
"137",0.945623872001633,6.39616086300951,6.66199922411395,0.00984903589957374,0.0256500071629187
"1231",-1.05831942219908,6.94732250145652,6.63483338839355,0.0100003548585199,0.0259507416400301
"2757",1.04311547004339,6.11293329152909,6.62112977542017,0.0100775887209361,0.0260577651212777
"126",-0.911279668917954,6.56815313225992,6.48496963740934,0.0108790397264932,0.0280299813593632
"833",1.16911716615603,6.4939135389132,6.46592263001119,0.0109962535876866,0.0282315163031387
"106",-1.17671845936719,6.76574486089586,6.454918621843,0.011064561154383,0.0283063955632796
"1848",0.984266783228774,6.67476157211877,6.44865871978109,0.0111036137292423,0.0283063955632796
"2731",-0.98187389491764,6.89061601963388,6.37917193495307,0.0115467291886416,0.0293327436230755
"1140",-0.958790303344298,7.55577331130328,6.35083629622807,0.0117325976433762,0.0296066444736479
"416",0.949632918530805,7.06121713051031,6.35027118552656,0.0117363355855483,0.0296066444736479
"2865",1.16720801563966,6.6105851782945,6.32936571110401,0.0118754782601594,0.0298536328484564
"1498",-1.92837055925903,7.01600851928552,6.24391253932835,0.0124620872273746,0.0312199001820734
"2353",0.935122926976859,8.02166585620209,6.19743626012678,0.0127935494750516,0.0319397579997839
"2742",-0.874148066331345,7.36859869762298,6.16454174744034,0.0130336132837949,0.0324272715376891
"826",-1.00418869034596,6.84126852533613,6.13594518461715,0.0132460719955586,0.0328430004273439
"283",-1.22581959205937,7.25911977137968,6.07741265961642,0.0136921164299032,0.0338330795059725
"906",-1.26886807874465,11.3857764650417,5.93857037714739,0.0148130292995216,0.036478344261407
"675",-0.983515465077276,9.51688943017326,5.92272046259981,0.0149468626461372,0.0366831476467909
"2884",0.928498672224929,6.24437853709942,5.90665158192499,0.0150838163418899,0.0368941994308389
"1362",1.07846158774709,6.45636393844765,5.85886348987181,0.0154987985278409,0.0377815829432889
"1512",0.93379281192956,6.47991398955317,5.76725322938816,0.0163275353905534,0.0396682403448344
"314",1.05819999989377,9.59718804798111,5.75914668889173,0.0164030361352868,0.0397183885014973
"1692",-0.813754487101089,7.37711093141836,5.73319519035407,0.0166471668678237,0.0401751627076812
"2792",0.934927047872379,7.29372294967809,5.67620159223754,0.0171965577943339,0.0413631489803912
"882",-0.849577942416796,7.78096189030149,5.6616979373536,0.0173393290550072,0.0415684577345205
"2537",-0.861468885506553,8.77837467059187,5.62715870252068,0.017684273041152,0.0422554906989902
"1743",-0.968113640490868,8.66454757308075,5.5645184416275,0.0183280507335903,0.0436496997734189
"644",-1.21943847800589,7.60345103905814,5.55377110622831,0.0184409145385853,0.0437744987735599
"292",-1.10367459036999,11.3256398770511,5.50353922069522,0.0189780257830745,0.0449022570815226
"265",-2.13408367262722,8.33644482696818,5.47018353296739,0.0193435940848108,0.0456181176462638
"2765",0.891320121925033,6.45603208261725,5.43653248592927,0.0197197799863467,0.0463542880198539
"1263",-0.913236904508018,7.4894846984583,5.37401069536783,0.0204389290893702,0.0478892707466149
"1302",0.855312906924131,8.19576814685377,5.34362211779846,0.0207982148244648,0.0485738952674597
"1493",-1.77860859786757,10.4910486767979,5.277262117614,0.021605696720476,0.0502975061917191
"1495",-1.77387233552149,10.4913639250523,5.25582941328391,0.0218733738812351,0.0505654000309881
"2694",0.947141767565014,6.059392530979,5.2535215746781,0.0219024010247114,0.0505654000309881
"2432",0.857273453610488,7.38920887989783,5.25130659031528,0.0219302978034948,0.0505654000309881
"1491",-1.7740888007716,10.49161132375,5.24226997735324,0.0220444919724887,0.0506673402796247
"1496",-1.76935766476208,10.4930017189,5.23562782299572,0.022128820389319,0.0507002087400854
"1566",0.838991339515913,8.79058835134034,5.21420323463791,0.0224031104203678,0.0511634073822981
"2793",-0.859789254927057,8.48643833527567,5.20883984605556,0.0224723253419486,0.0511634073822981
"2994",0.844740819407786,6.77442812749764,5.16027975609393,0.0231091747089586,0.0524484090573229
"2243",0.917596146897222,8.97076470742688,5.14946946558156,0.0232534767162772,0.0525034340837962
"610",0.962752510429048,9.6069521770955,5.14760520236817,0.0232784562719594,0.0525034340837962
"584",-1.11280973013203,9.86029616306984,5.13114204958051,0.0235002600903038,0.0528390941160868
"2313",0.845996376030344,8.15069794219745,5.08890036523877,0.0240794554770702,0.053973763979563
"1490",-1.73521748934712,7.15993416305865,5.06229720882215,0.0244518061599437,0.0546392211722198
"2287",0.993096872709833,10.5758383984548,5.05257126857977,0.024589422276014,0.0547776668548744
"835",-0.853666836889265,8.05435893754924,4.99049582846059,0.0254869047627059,0.0564706535317889
"1324",-0.977872082221502,6.5890982389464,4.98924113014208,0.0255053918575897,0.0564706535317889
"2029",1.04545190432776,9.55080558859318,4.97379475574281,0.0257341278668951,0.0568033798037563
"2063",0.893769364476803,7.25694020083244,4.93955954851952,0.0262487246082501,0.0576117683865653
"605",1.20491978242113,7.013793724717,4.93884965046112,0.026259507690009,0.0576117683865653
"1746",0.877130832933755,6.67178915838158,4.90305971813613,0.0268091540995169,0.0586399624412393
"2783",-0.910194479129178,10.2411905261862,4.87867154844239,0.0271905381778626,0.0592950290384715
"2165",-0.945448513714689,9.3736345386929,4.85277975267215,0.027601616138127,0.0600107209729848
"1863",1.09877495325487,6.30151209246884,4.77105133639881,0.0289421465113064,0.0627368684855864
"1228",-1.06744332398172,10.0043740661081,4.7615086102777,0.0291030290253463,0.0628972925801513
"433",1.06743935104506,6.60494728370822,4.7556790170141,0.0292017691620009,0.0629228597419305
"2681",0.961633029121224,6.25304638870526,4.73112374694587,0.0296215257892979,0.0636379367105391
"2363",0.89336922107945,9.44077152878762,4.68352487972485,0.0304531997957166,0.065231114355322
"2859",0.762369638293986,6.59154236559219,4.66958701286985,0.0307013093362801,0.0655685780515244
"2404",-0.821202555848136,6.86122862098131,4.63721998988717,0.031285643350443,0.0666200170168256
"2151",0.875822991764245,6.89530608303819,4.61139098120898,0.0317602612523693,0.0674323435387549
"1497",-1.6656211156704,10.4841258138934,4.58429461208465,0.032266249542896,0.0683063294416862
"1234",-0.843437871432181,9.16298016777765,4.56025880637788,0.0327221283018494,0.0689732726005368
"1494",-1.59523443828213,10.2036438466418,4.55765942699616,0.0327718311803655,0.0689732726005368
"905",-1.15084139123027,11.4585143155257,4.49827691273546,0.0339290260582048,0.0712017822206965
"2754",0.788425046000027,8.19868556526997,4.45413434104417,0.0348168585898169,0.0728537734653973
"2794",0.841718979878119,7.10511209336533,4.44084619071327,0.0350888518447208,0.0732113220045471
"831",-0.906663540692792,10.2891500500507,4.40266239226754,0.0358828705589845,0.0746528686342092
"2147",1.03957294735969,6.53742621031652,4.34744051200566,0.0370646096052507,0.0768904795249326
"594",0.924898768114336,10.4251237690362,4.32307364573281,0.0375989494477568,0.0777761125719311
"2800",-0.921579221340187,6.77689998107141,4.28362735392366,0.0384811425386114,0.0793742085411814
"382",0.822301219002998,7.86606001030386,4.25839910101902,0.0390567120043263,0.0803325553725347
"2857",0.884495863351013,10.5033094291475,4.25057222519651,0.0392371074658157,0.0804749739525512
"2106",0.755047793289178,7.24154221832076,4.23200676488031,0.0396685123639942,0.0811299518404852
"2644",0.825802430342854,6.76420000598703,4.20166352971836,0.0403843447826683,0.0822167073347253
"836",-0.856847321762385,7.64165287384774,4.19987329879454,0.0404269997391743,0.0822167073347253
"1827",0.918521148741669,11.0413241514382,4.10854575063637,0.0426670356803315,0.0863651011492197
"759",-0.920574235340835,6.97490683131701,4.10702603369768,0.0427053953196418,0.0863651011492197
"1318",-0.885078486659959,6.61731926787534,4.08700063181808,0.0432142637403464,0.087150771442927
"1984",0.972008697675582,6.86522842374301,4.06913417265543,0.0436736549545097,0.0878325727418473
"469",-0.922976001147532,6.62459627683934,4.05592596076875,0.0440165726724864,0.0882770044733522
"721",-0.928562956366064,8.3658358194134,3.95632916758256,0.0466954273372865,0.0933908546745731
"326",0.819212898358928,10.0542954201101,3.94070449541538,0.0471310358150889,0.0940023965017199
"139",0.845108399663286,6.90782355714366,3.93026801059239,0.0474243857315038,0.0943276243670569
"987",0.821543595118789,6.88875067547927,3.91546297976449,0.0478438354860739,0.0949011969641575
"82",0.841183170377499,7.12111243002534,3.88114593438173,0.048831217320748,0.0962799610635588
"2626",-0.764246654860908,7.98520248266216,3.87755123613681,0.0489358827745842,0.0962799610635588
"923",0.850971909776203,10.5040045563097,3.87748269495992,0.0489378807615879,0.0962799610635588
"90",-0.956147861208212,11.3364404361066,3.8516479935528,0.0496971375284804,0.0975087468038476
"852",0.897151703924006,9.04228427096781,3.81576251792491,0.0507724902724998,0.0993494133980806
"2809",0.790554539399448,6.34401261613364,3.78256381389319,0.051789249379952,0.10106581280616
"2549",0.738645846013157,7.60838543544465,3.76552108929749,0.0523195535996139,0.101826227973442
"2872",0.76694641702794,6.9702102437469,3.69781403729267,0.0544838039814175,0.105633312681876
"345",-0.891706459654566,9.36056213319097,3.69525365451623,0.0545674847279303,0.105633312681876
"2707",0.680052272818313,6.53565222756167,3.67488224309364,0.055238155544399,0.10664646563772
"2016",-0.792058341100234,9.34071122018153,3.66976063342882,0.0554081410689101,0.106690143973114
"2419",-0.772660073849174,6.90513139410315,3.6484702130211,0.0561207365450319,0.107775631985685
"2516",0.801049958159317,10.2201600434363,3.63573613506225,0.0565515905108213,0.10797322101471
"2879",0.90849510020754,7.19925944420178,3.63306248694071,0.0566424977082025,0.10797322101471
"1648",0.822841882622568,6.95449661622205,3.6322243403183,0.0566710276044056,0.10797322101471
"1328",-0.848385957962705,7.58513945742521,3.5818976948032,0.0584123869869901,0.110848242078708
"983",0.756179552367675,6.77769596024006,3.57979901109163,0.0584862271741249,0.110848242078708
"2047",0.692825914625533,8.33461037612766,3.54893658773321,0.0595836246207167,0.112633274739945
"1236",-0.73019702753718,7.8611089233404,3.48525864385379,0.061917684895926,0.116740635064194
"2841",0.784247413611082,7.10416766906951,3.43502463298768,0.0638276333537767,0.120029107917232
"2951",0.742832606291937,6.68374459407344,3.40632964742027,0.0649467524039735,0.121817224716261
"277",-0.671179781194741,7.83813917861002,3.37249268684585,0.0662933802425769,0.124021724278103
"2330",0.689338561195185,6.85707490253504,3.36147022739919,0.0667384606746591,0.124532591568178
"1587",0.758653219698948,6.2433735355225,3.33979009720938,0.0676232351258141,0.125830398883474
"385",0.702381027495358,7.95732831847514,3.3359423629446,0.0677815684593297,0.125830398883474
"158",-0.956304360312832,7.98892630018672,3.33167595200454,0.0679575937524142,0.125834521423908
"665",0.769206785466329,9.02636815957208,3.32324028602911,0.0683070762207065,0.126158987713754
"81",0.739122241926786,7.01425672491829,3.31299235002082,0.0687342275427166,0.126624887381493
"2823",0.856116645267495,6.71998128966101,3.2983138430187,0.0693510379529363,0.127436932685091
"611",0.680075088675665,7.5307676812738,3.28845409739879,0.0697686818874437,0.12787981186458
"1489",-1.8010849797062,8.56031837601098,3.27551625603576,0.0703207987146496,0.128411699273481
"2448",0.754463497511317,10.3661212442171,3.27335236771405,0.0704135975297954,0.128411699273481
"2685",0.709585512989323,6.96498444617957,3.240070649088,0.0718575395437621,0.130715725200211
"922",-0.650392917894588,6.72133327634117,3.18710806076322,0.0742212065262357,0.134677076503746
"762",-0.896671464028319,8.35698519074499,3.11564194495561,0.0775439174838613,0.1401307651948
"530",-0.896682473954435,8.35243141644756,3.11417313293177,0.0776138630429765,0.1401307651948
"2937",-0.746440372062926,7.15768607242665,3.08166920969318,0.0791792257836377,0.142601391709835
"249",1.28894867310573,6.47388869893446,3.07496629851233,0.0795062417817477,0.142835034863487
"560",-0.836381693414505,10.7524095329292,3.06181059416758,0.0801523101207945,0.143639288434295
"511",0.689749205487246,6.37970177981904,3.01787311902328,0.0823514036964676,0.147215842657389
"653",-0.804969798164642,6.62096627491403,3.00464932105402,0.0830259419258286,0.1480324949658
"1018",-0.878080462144964,6.34208349748037,3.00092169321923,0.0832171622252496,0.1480324949658
"1248",-0.82939900598211,10.4962781038977,2.96542727143224,0.0850619829872969,0.150943322751968
"2028",0.784788530377837,11.1847912606206,2.92619881363557,0.0871524707556873,0.153988723402194
"2671",0.645133120089598,6.72330446663662,2.92525292589129,0.0872035588327342,0.153988723402194
"2279",-0.643760312253434,8.13900201658606,2.88257164030411,0.0895429137698839,0.15732659248388
"982",-0.676884003529729,6.99518710656802,2.8800655859393,0.0896823689281147,0.15732659248388
"991",0.665520416045199,7.23234189419506,2.87892900304444,0.0897456943312742,0.15732659248388
"98",-1.19314122708326,14.9646308107266,2.83675955106384,0.0921298377253527,0.161115948099409
"246",-0.610124540364916,7.99316287342087,2.8133818533946,0.0934811197095331,0.162916301893289
"295",-1.19328573216963,14.9646126952691,2.80396610156015,0.0940314449580155,0.162916301893289
"432",0.707672777672599,9.20759807680061,2.80375669106864,0.0940437244235786,0.162916301893289
"1332",0.700387139091881,6.79883186801275,2.8034892051742,0.0940594118665673,0.162916301893289
"1531",-0.642324088828402,6.66233730063092,2.79005442336725,0.094851006054398,0.163663059997149
"548",0.667324200178732,9.23564325102251,2.78850679182541,0.094942659114368,0.163663059997149
"2717",0.649552944867974,6.53122084433778,2.78108137595416,0.0953837463367252,0.164032855932991
"2928",0.698818528966588,7.41825699795549,2.77028287147446,0.0960291898084152,0.164751500998324
"1390",-0.627974800295022,6.82305715985474,2.74813640571441,0.0973678553582627,0.166653255979627
"2596",0.709742743371906,6.97338966079564,2.73359154830078,0.0982580946933331,0.167780331504654
"1278",0.615685326824574,7.03224455049593,2.72109230058198,0.0990302255045915,0.168700901800763
"2725",0.669630115664207,10.2360820742589,2.69833218977086,0.100453279385028,0.170723413790518
"1",0.594832561111665,7.36524454425813,2.68617710779013,0.101222402144583,0.171627679514468
"2855",0.737656342691315,6.84881561341667,2.66126794413043,0.102818743112427,0.173927032741582
"881",-0.631649364274539,8.17098382040359,2.64088510929735,0.104145507070558,0.175760715895301
"2286",0.726310158736258,11.1363137338093,2.61609255569574,0.105784644112242,0.178111819388985
"1139",0.632227473198897,7.4043586177195,2.61229778665485,0.106038017667534,0.1781241874508
"2567",0.666014460082044,6.44783609334702,2.5926113579642,0.107363193394536,0.179932759300101
"791",0.621178909537596,8.91113904514211,2.49105622521617,0.114494862948067,0.191441756984759
"1116",-0.674863788373266,10.0676627737982,2.45120444424904,0.117434727825386,0.195904937662625
"1104",0.685617616431852,6.54007346687399,2.41185944257331,0.120419254800217,0.200421932127258
"2513",0.641050126715271,7.55618213371234,2.39191975923609,0.121963770523027,0.202526995088697
"1074",0.691146682652151,11.1612263786521,2.33732476139849,0.126306301812257,0.209258037785066
"24",-0.946451770450618,6.66996469934438,2.31217984107809,0.128363922639343,0.212081513986059
"2372",0.759898833561759,6.59865030054758,2.3093672655782,0.128596387624143,0.212081513986059
"14",0.615047875624412,7.18785237593633,2.30442787078881,0.129005774084996,0.212273137358038
"197",-0.635822091573326,7.95783124268087,2.26068435749636,0.132695409537945,0.217849153073634
"328",-0.882424675127322,13.3555872295314,2.25463892943714,0.133214523976187,0.21787657182025
"437",0.567008633090115,7.40436204828709,2.25348370639526,0.133313979718744,0.21787657182025
"422",0.666979131286858,10.8841168686297,2.24413362354696,0.134122010037687,0.218550602868866
"341",-0.577220102455181,6.62135434795804,2.23993076931038,0.134487001381444,0.218550602868866
"533",-0.880564228074952,13.3576642855801,2.2382646434022,0.134632001214799,0.218550602868866
"2849",0.57534997352411,7.87783617915957,2.23267707860264,0.135119554575759,0.218851359089149
"1355",0.836786857026826,13.3926795798782,2.2247442198671,0.135815147709046,0.219486979779797
"1407",-0.757226591586434,9.06391577153664,2.21581048689551,0.136603305591118,0.220269027278328
"887",-0.550889963821999,7.42664976320623,2.19997790180061,0.138012716064643,0.221734448059419
"2587",0.527077156941209,7.38016516036114,2.19872843063203,0.138124635462428,0.221734448059419
"2760",0.841813385819597,13.4751479336331,2.18951123665875,0.138953402610223,0.222571379402216
"2306",-0.527067932002073,8.49181535916923,2.16896771397424,0.140820734574162,0.224978296753582
"736",0.594063498961163,8.48669017267733,2.16616628486336,0.141077550726694,0.224978296753582
"924",0.583205801687874,8.81776391291802,2.15606703165876,0.142007760474504,0.225963996886903
"1188",0.80579847668776,13.3576788671822,2.12799250689538,0.144630064852034,0.229631945072088
"1179",0.818415517005491,13.4066151216377,2.11266557021992,0.146084662804759,0.230947962643179
"2599",0.515942943964592,7.40437868635002,2.1125371955724,0.146096915594718,0.230947962643179
"2598",0.577593137024817,6.93361087100153,2.1078311098788,0.146546891556846,0.231154574046093
"843",0.644038193618973,11.0505148474531,2.09963229085539,0.147334567270731,0.23151292442244
"1129",-0.541977766941393,7.43216785790822,2.09552707918599,0.147730756756694,0.23151292442244
"2255",0.596870723496536,9.59826196801866,2.09549988262339,0.147733385473988,0.23151292442244
"1912",0.561928306610221,6.64756041931352,2.06001867736845,0.15120831702637,0.236051348288039
"784",0.567048827443778,6.70081777927882,2.05928110499195,0.151281527079627,0.236051348288039
"2714",0.503347987034808,7.39423320494867,2.04234772250114,0.152973390884678,0.238177924732273
"99",0.789419453020553,13.37328619071,2.01497029830377,0.155754318100275,0.24158064632201
"50",-0.608025094418398,10.37592935949,2.01427010631646,0.155826190376214,0.24158064632201
"2552",-0.522188120507075,7.06462844782201,1.99891212147625,0.157412149755156,0.243517941074216
"709",0.665047898369124,11.0826296486119,1.96956777744317,0.160493747422656,0.24775580625587
"1714",-0.522580519504227,8.80006616511333,1.95783588824437,0.161744955536177,0.249156059166367
"408",0.779208584748655,13.376547902065,1.95091059501836,0.162488759230048,0.24977040696933
"1850",0.651488529327134,11.2505530442073,1.93330614149383,0.164397189830417,0.251596565897531
"1073",0.577085466601717,9.20092697341642,1.93231276142303,0.164505639132482,0.251596565897531
"1405",0.515374579371998,8.65716272481725,1.9303578587578,0.164719298667721,0.251596565897531
"2409",0.66048373398943,10.9622619010825,1.92654396433127,0.165137049025998,0.251703628410153
"921",0.647821231549918,11.2347458787147,1.91125784696488,0.166823601913258,0.253740100389073
"579",0.776015874894372,13.4139400016962,1.89941670754256,0.168143622546801,0.255211703823656
"1776",-0.598701472642167,9.20078569819026,1.84941901407833,0.173850981582303,0.263322407250182
"2059",0.648227751661274,6.80491063015739,1.84424090748234,0.174454699305478,0.263685182248781
"2922",0.480077755691919,7.40496357740757,1.82930703092838,0.176209417462201,0.265782538005487
"377",0.545455908039012,6.73635528707419,1.82459131447689,0.17676773059813,0.26607034709573
"127",-0.495195781559254,7.08860735810574,1.79393576749991,0.180447363392583,0.271045417212095
"1839",-0.554707036372305,6.71935155987221,1.79078509485011,0.180830536207501,0.271058609139194
"2605",0.486781573848157,6.65215600540239,1.78255215857955,0.181836248107777,0.272002982706675
"2748",0.570298220632338,9.09738132421633,1.7475210484948,0.186188674824004,0.277939382623873
"2639",-0.607463091207891,10.476643980598,1.74302948533794,0.186755428292088,0.278211790295209
"1096",-0.575671823677246,7.28135829886027,1.71178691113957,0.19075369196796,0.283584544116639
"2152",-0.45454073044421,7.4157026222445,1.70145246156548,0.192098136321763,0.284998054706878
"1006",-0.631741345802249,6.90841911473275,1.66047437244469,0.19753928721979,0.292471255515599
"2522",-0.506508906738642,6.63886979666445,1.64656743096813,0.199426766704433,0.294663222640835
"2199",0.515580527663172,6.76816125978047,1.62197893219489,0.20281607438076,0.299060769555336
"2433",-0.470568418942226,8.07664399290846,1.60852289686206,0.204699561621574,0.301224558158576
"2624",0.455093047678702,7.26918481090399,1.59045058687178,0.207261769342999,0.304376310353614
"1525",-0.701014965923631,9.63520587548934,1.56700076416498,0.210643110589987,0.308715813901115
"1813",0.712923851841328,13.5809275437548,1.53959963300312,0.214677408819802,0.313992816132398
"1581",0.709474626317039,13.5846969755015,1.51802836921099,0.217918103741484,0.318090135300069
"1810",-0.465845051613125,7.73985756370424,1.50068693592963,0.220565695859479,0.321306969421052
"2878",0.436546809235945,8.08886297823029,1.46989427102247,0.225362376091877,0.327614261119858
"726",0.594122901363622,6.76074071737233,1.46712130389021,0.225800436876808,0.327614261119858
"1815",-0.461355188665068,7.00431730376435,1.45295241742569,0.228054802381581,0.33022335384853
"1054",-0.43823940205592,7.88868619047963,1.44756315930386,0.228919367023213,0.330813616217178
"1299",-0.464278151294865,7.46076679534653,1.44217709720663,0.229787363486089,0.331406476422168
"2383",-0.435324546037307,7.82631995236305,1.43245520301098,0.231364165661619,0.333017208626267
"1781",-0.552552128473265,7.78077543919738,1.42135381234073,0.233180700705917,0.334965927204532
"1425",0.570087992427367,11.423538568892,1.38858101210167,0.238644878913011,0.342136420461426
"793",-0.459977613419667,7.05941857303272,1.37057932589444,0.241712372449681,0.345849323426026
"1624",-0.481489825240963,9.17198924812898,1.36253818483246,0.243098075967041,0.347145970414473
"364",-0.60339909677631,12.2835601517572,1.3384416781907,0.247308968439628,0.352463962894273
"598",-0.603881762452755,12.2837434601292,1.33328479902804,0.24822168831452,0.353069749193935
"885",-0.597388415659054,11.5791894548126,1.31173895346782,0.252080049599877,0.357854815510414
"1012",0.445759004534981,7.10733997002619,1.29084096138088,0.255893030025546,0.362556856631106
"884",-0.585613782677758,11.587421889615,1.26221870579696,0.261231537334329,0.369397720761825
"2597",0.45575647101091,7.23189008926986,1.22512208322939,0.268357778379979,0.378734954282855
"279",-0.443567210642419,7.08187143652898,1.20339640982393,0.272643900639029,0.384035377553808
"2013",-0.642623915253848,7.34512346881664,1.17496347080272,0.27838372306097,0.391336453506169
"1285",-0.382281891013775,7.01240904389985,1.17240171824563,0.278908301117656,0.391336453506169
"362",-0.397371054656143,7.98353645545042,1.14743567596904,0.284086596473446,0.397831133165908
"152",0.617898866666903,8.9788170015631,1.13754036927423,0.286172660393759,0.399978776303246
"175",-0.453915489366672,7.87298622405159,1.13056807686053,0.287654199514569,0.401274837087761
"1561",0.427382854969888,6.62399420987053,1.12453033372935,0.28894504302091,0.40230040605219
"2157",-0.37991938124451,8.72169781051834,1.11110408439765,0.291842070988378,0.405554048743927
"322",-0.486731320514274,8.61069251214615,1.09921372845966,0.294438722797319,0.408378611695898
"715",0.404671154565563,8.34207876024472,1.09551912993061,0.295251575248138,0.408482271626169
"2210",-0.427912200616499,8.00851802347455,1.0914648479175,0.296146873726043,0.408482271626169
"43",-0.435190555382604,9.32933047338298,1.09006419106836,0.296456986642506,0.408482271626169
"1482",-0.399587985235467,8.04108758259477,1.08865112552062,0.296770269164869,0.408482271626169
"1384",-0.399013623369223,7.73038511319767,1.0764975126252,0.29948240971398,0.411433139720913
"783",0.601040306285889,13.6704364448954,1.07086066254186,0.300751123436534,0.412393585924338
"876",0.64638914945119,14.3659827248172,1.06165132227306,0.302838858628331,0.41447133014539
"2216",0.3907642148425,7.75112726663984,1.04171003177589,0.307424097031374,0.419315975862558
"2263",-0.410595614257874,7.31751465500803,1.04122391106306,0.30753699334671,0.419315975862558
"2110",-0.370293030690661,7.91808433583269,1.03321662164853,0.309404371328962,0.421069106846182
"1030",-0.422151164920653,9.34062005994235,1.02631619919469,0.311025459709971,0.422311536467924
"1055",0.46711327196085,6.76607627109717,1.0243731651843,0.311483923306452,0.422311536467924
"847",-0.491914791598092,11.5667857055123,1.01257397704932,0.314286982519474,0.425315467932895
"879",0.423759099439706,9.94915952882601,0.991060221775641,0.319483385029438,0.43154099022633
"1145",-0.3779251510917,7.69815019461707,0.983055526569241,0.321445608349861,0.433382905857168
"554",0.624719115899426,14.4826581675912,0.967487453601109,0.325307601062184,0.437472037925243
"2550",0.397020857539182,6.38281372406433,0.963338721103868,0.326347120488118,0.437472037925243
"2175",-0.41049249758096,6.46332483712845,0.961343355076689,0.326848652373486,0.437472037925243
"980",-0.390445982984756,7.09551050640824,0.961157009473204,0.326895542151321,0.437472037925243
"1323",-0.35564676310555,8.34598254845737,0.948642025742542,0.330065198992502,0.440898900499209
"2781",0.347057079306016,7.21532491756589,0.918864505412377,0.337773292787709,0.449738051490904
"1614",-0.629862967113835,11.4038203717218,0.913944539585081,0.339069978024396,0.449738051490904
"245",-0.414935985800273,10.0939961688291,0.912659251514732,0.339409824231137,0.449738051490904
"2239",-0.380631238061633,7.95335568127519,0.911946921959137,0.339598370253724,0.449738051490904
"1513",-0.628892927569023,11.4034815246107,0.911229980418391,0.33978827923415,0.449738051490904
"1397",0.368973509122421,6.89800911379186,0.894852845144529,0.344165612188903,0.454700553329864
"1873",0.378125639065062,7.50070523707433,0.889784077188601,0.345535827636977,0.455679306391934
"731",-0.372881887779479,9.39979447219714,0.874686628448352,0.349661110870837,0.460281171400884
"1977",-0.391521069964637,10.4171373829056,0.868680663538543,0.351320815825341,0.461044175404975
"371",-0.475953376588289,10.9585251860715,0.867982861734042,0.351514343678931,0.461044175404975
"2159",0.36774340608188,6.80771684018258,0.864236113484933,0.35255595420343,0.461574160656932
"911",-0.474726831822773,10.9580632647968,0.850468706198498,0.356419776880034,0.465790466536362
"1281",0.347661033553965,6.93990406955486,0.847777654391235,0.357181789680058,0.465945253564616
"1711",-0.367236085735345,7.30074147682623,0.834220595990645,0.361054932009717,0.470150666861574
"550",0.383120453375389,9.85022871276034,0.831914926426643,0.361719391927854,0.47017026886134
"2272",-0.408104616204493,8.17614070396115,0.81492221853294,0.366668985245301,0.475749722791394
"661",-0.535195178641846,9.15158504062739,0.801103711881009,0.370763582571794,0.480201849341643
"2010",0.380239491787338,10.5239028233981,0.792703598100172,0.373283866810813,0.48194094785009
"1370",0.62269935752117,10.2107089914023,0.792193547081656,0.373437668154558,0.48194094785009
"1369",0.62082786232017,10.2087318418175,0.788239954566791,0.374632855697846,0.482623109475517
"2121",0.36913342565527,9.18964578354968,0.780450075196471,0.377003526142182,0.483781892830375
"481",-0.53736092497692,9.15745729904774,0.779338229383951,0.377343609188888,0.483781892830375
"2949",0.354191405378431,6.83288343512847,0.778706682241126,0.377536974377296,0.483781892830375
"964",-0.523741932357541,9.141908351041,0.747056219232995,0.38740985263245,0.495556065911474
"2348",-0.317396895307857,7.16144108710289,0.738768574177823,0.39005563345923,0.498060456127835
"597",-0.603923860670337,15.6037367575726,0.727568607039643,0.393672434630456,0.501281163448682
"125",-0.326627326944993,6.76028988921176,0.72667621627339,0.393962682323619,0.501281163448682
"1316",-0.60392383929896,15.6037515020451,0.723344701707674,0.395048973122033,0.501781502702372
"2376",-0.396573537167277,7.03087900294169,0.686812180627397,0.407250797348337,0.516374040770921
"1144",-0.279302564439611,8.21192012511353,0.644413461933687,0.422117122723568,0.534288106384376
"613",-0.407634473525401,7.1779160449626,0.622219498445125,0.430223700375324,0.543598532411404
"2133",-0.291237842719214,7.1670114427037,0.618481066236256,0.431612291839145,0.544402960438225
"1023",-0.282369482845375,6.63219286694596,0.592157726301449,0.441585950230332,0.556014309507409
"1949",0.275970923267069,7.31066420655847,0.586056094783579,0.443948267581344,0.556825010410793
"1019",-0.30699579456348,8.76084549041062,0.585993775978219,0.443972495574359,0.556825010410793
"2993",0.283432991136638,6.86608115820989,0.584543013269231,0.444537093946738,0.556825010410793
"387",-0.325501987615804,10.1447175922007,0.553484163782386,0.45689755106739,0.571319217569587
"772",0.252600176579638,8.12366231235092,0.541070972714352,0.461989219270725,0.576689990951732
"403",-0.377981196784608,7.1599661613824,0.531518054152826,0.465969336365765,0.580244017352773
"1568",0.296414064564208,8.34812004139087,0.530124984250252,0.46655431825652,0.580244017352773
"976",0.320357313122068,7.86687467372089,0.528494020450233,0.467240693531307,0.580244017352773
"975",-0.25845609749606,7.44208049703319,0.524536800702609,0.468912801928254,0.580686973393642
"652",-0.34689070934881,7.15119959382395,0.523855882528109,0.469201490932708,0.580686973393642
"346",0.291921549314428,6.85536809731093,0.510654056782478,0.474855856914495,0.586681980215178
"1825",-0.283985259948248,7.15990880423149,0.4907372473244,0.48359861952295,0.596465759002753
"968",-0.30854475688887,6.56511700260022,0.47809711191673,0.489285513322298,0.602453591233578
"1841",-0.241290857446956,8.37699681932311,0.465318473957868,0.495148810302913,0.608637926416484
"1904",-0.24269163378185,7.29291109516447,0.449093428569677,0.502765785342971,0.616953268793748
"203",0.285033068427812,7.06054311563371,0.440009307669528,0.507117962978747,0.619413023099097
"2851",-0.257442720065572,7.88415428660054,0.439563224150926,0.507333343814037,0.619413023099097
"2328",0.277940087653254,6.92195862005757,0.439064494047247,0.507574330155419,0.619413023099097
"1698",0.233371421311038,7.18631057049373,0.437787128080257,0.508192452653127,0.619413023099097
"600",-0.28229008087201,10.6484516761977,0.427012300244613,0.513458620336897,0.624103965114173
"1227",-0.2593319271081,8.58145309786052,0.426391043502901,0.513765142552552,0.624103965114173
"2645",0.236047532334298,6.86858477231361,0.421895776252073,0.515992601435866,0.625759871758068
"2799",-0.235587087187241,8.80366775275154,0.410446386401376,0.521743024183831,0.631675500851327
"2716",-0.232977609411837,7.4908235012004,0.407776563240786,0.523100196747673,0.631950540426213
"1975",-0.274983399441389,8.49840828270171,0.406466606702968,0.523768386399874,0.631950540426213
"2931",0.295729099170875,6.95785771322584,0.404862316578893,0.524588777342755,0.631950540426213
"96",0.243280100686923,7.79342103399484,0.402938072279508,0.525575801627605,0.632087841160109
"1837",0.273112887416381,7.84619157467267,0.400817141403928,0.526667552537754,0.632350427922611
"1214",0.239552786244799,6.65578597756566,0.395157833145659,0.52960060910946,0.634819273170943
"2710",0.234861450346849,7.20415684732785,0.390475187945411,0.532049728537539,0.636695366804572
"2371",0.272160884142871,6.88596297606619,0.388811908559236,0.532924574977307,0.636695366804572
"252",-0.503513018232435,17.2689799454008,0.380062567567293,0.537569753152002,0.639311594698068
"2107",-0.225716237530086,7.67444284497046,0.379517146343874,0.537861764772865,0.639311594698068
"286",-0.503489991845362,17.2690714635127,0.379066185266709,0.538103422318985,0.639311594698068
"765",0.209842538399796,6.49443738915385,0.378054070041548,0.538646509345058,0.639311594698068
"173",0.225659216429117,8.68709888745069,0.375910548723157,0.539800008522458,0.639632088658363
"1667",-0.216810069255437,6.54177638232747,0.369999110263799,0.543004753121307,0.64237817199318
"506",0.258258745799896,6.6397629555448,0.360298325676369,0.548340599738198,0.647632290718525
"2032",-0.209551336022163,8.11241629026091,0.3490998777969,0.554623110175407,0.652794533795267
"1694",-0.215085546718666,8.04072262338764,0.348104664451514,0.555187999373617,0.652794533795267
"2971",0.215648950633389,8.1537248975297,0.347702914337182,0.555416343671111,0.652794533795267
"363",-0.235643626508341,7.35971921400174,0.337834054932038,0.561082122504328,0.658384856877039
"1628",-0.206455231118212,7.52515248091284,0.335555069789988,0.562406226200653,0.658560722104152
"1426",-0.250575505778202,9.62148105213518,0.334448657293557,0.563051225113909,0.658560722104152
"734",0.237829131194567,9.22183291962982,0.33071447267842,0.565238683244019,0.660052913981725
"1623",-0.237599982023479,7.28816654388819,0.327696950499235,0.567018364292469,0.660225550808713
"1463",0.25591607590718,7.87582580610812,0.327372530008848,0.567210348899199,0.660225550808713
"1997",-0.19940958941392,8.252577373029,0.325677167654892,0.568215684289494,0.660334117858096
"1242",0.199471896966934,7.40399286831433,0.305845381908147,0.580240886041408,0.673228207522403
"773",-0.196128948732303,8.13172670447029,0.293813572614768,0.587787003829984,0.680892465236653
"1829",0.233199730437246,9.73239929903336,0.29139378014686,0.589328744581419,0.681587877119724
"702",-0.194311595182833,7.49128382898407,0.279115763444756,0.597281363130265,0.689683743072268
"1595",0.22432614555108,6.91711984565015,0.277266306965753,0.5984985995203,0.689988831294104
"2334",-0.206835554803667,7.14764459107386,0.274163865143282,0.600552194315044,0.691255625888859
"1017",-0.22091483225743,9.82045058663486,0.269708806986401,0.603527173903807,0.69357726016882
"2038",-0.196947362219399,7.54481936559621,0.253934783845671,0.614318001774383,0.704859323747469
"979",0.187158766065837,6.99450042925422,0.2506727285921,0.616601786450488,0.705656818107714
"1878",0.272438209876561,6.86262021511346,0.250160078546951,0.616962383787545,0.705656818107714
"1584",0.247228177267916,11.9902658706643,0.248361853555643,0.618230915898718,0.705992402382763
"457",-0.212162632149298,9.90181409634197,0.244660438895416,0.620860178327158,0.70787837654939
"1310",0.202485280256494,6.7074269759865,0.24089813432782,0.623558186114263,0.709836677274727
"629",0.167961121697907,8.2876727458356,0.231526791978995,0.630394038985763,0.71649181197126
"2838",-0.189682209039646,9.61071713317825,0.22575969425643,0.634685933532847,0.720239209839782
"70",0.197562403041879,9.8141713823887,0.216140431971564,0.6419965837796,0.72739519038565
"1688",-0.171393495894476,7.31086277521864,0.209937502158901,0.646816393574084,0.731711045230682
"103",0.207850420952261,7.91285495042273,0.192690321615968,0.66068685551794,0.746236011536643
"2104",-0.172821920563444,7.13748636110247,0.188681728135499,0.664016075846488,0.748828097995105
"1442",-0.18868571459023,9.40629154404257,0.17718251036752,0.673805811486909,0.758686481363176
"421",0.15968249312576,8.74455077705097,0.169710189319808,0.680369500098308,0.764747554312235
"684",-0.151985934031577,6.82085782285468,0.168664615330155,0.681301343275402,0.764747554312235
"2798",-0.17395722526656,11.0466114224402,0.160922749864653,0.688308380663061,0.771416822910303
"1562",0.160051707945802,6.61736030494196,0.153622806475527,0.695097039459605,0.777821107525122
"2700",-0.143208696770812,6.54750256643221,0.149235106289912,0.69926739227399,0.78128023457773
"2791",-0.137845199491152,7.03846767481405,0.135163095787673,0.713137702748601,0.795549609845897
"829",0.134437277710719,6.94185653960896,0.130749452429566,0.717656243133993,0.799358646198479
"1272",0.127147214567357,8.09749179779699,0.129260407580316,0.7192001093599,0.799396794413806
"124",-0.13313358295309,7.27148588614004,0.128589719450864,0.719898770659947,0.799396794413806
"2972",-0.219663416091382,6.50483313811071,0.12586316457109,0.722760414254502,0.801345390383246
"752",0.142289983693653,7.98538482392811,0.120244613093419,0.728769338234452,0.806772172602054
"2071",0.142346623738275,7.3030194702698,0.115435892474004,0.734038342823546,0.811364519395797
"2123",-0.128201997357077,8.6150365398096,0.111890427828218,0.738002090348845,0.813589348912957
"761",-0.156400343145363,9.66470583091461,0.111627661186375,0.73829862187267,0.813589348912957
"1344",0.123313172975071,7.83376771511522,0.109001554951549,0.741283726922171,0.8156374138171
"2229",-0.132602081625711,10.0206932601474,0.0997551816344706,0.752123623650976,0.825248070703122
"1677",-0.117124751303674,7.9284148112632,0.0987299836022828,0.753359059208711,0.825248070703122
"2046",0.135556653065101,9.98082864742217,0.0986648309888265,0.753437810407132,0.825248070703122
"1270",-0.125649001545592,9.5153711765192,0.0967662656544864,0.755745304447066,0.826525076162652
"2167",0.109579380221123,7.2489194406879,0.0907928112430936,0.763171669537163,0.833388067488546
"874",-0.121203807275021,9.78515460697861,0.0845615797742454,0.771208309829593,0.840895807705761
"149",-0.164792308090588,12.9785429337425,0.0821637380752236,0.774386315760602,0.843091267083723
"807",-0.163578045367572,12.9767357436851,0.0812031381946099,0.775673528234243,0.843224676338726
"110",-0.109245957096475,7.6147979090368,0.0800532100165743,0.777225315197352,0.843644869869389
"418",-0.139572808875268,7.45915228733773,0.0746309707299346,0.784709706409543,0.850493753653457
"1857",-0.108083899249071,9.31609344289245,0.0675071055217096,0.795001623614733,0.860360501490384
"2854",0.109371431414224,10.1843144911918,0.0665206612741933,0.796471738971356,0.860664983604868
"2285",-0.102694143052709,8.89025874141951,0.0628545274653567,0.802039834676031,0.865390224002155
"2702",-0.102547399598011,6.46805955832045,0.0606383356476163,0.805489854902007,0.867819427007519
"682",0.111454036904737,7.93466128391962,0.0594354645668158,0.807390446675356,0.868574566705732
"2709",0.0884094787467971,7.61879525455916,0.0568004597336671,0.811626341361208,0.871836010601654
"636",0.0877926266719184,6.7391239212059,0.0557840665103293,0.813287948532184,0.872326629240446
"1410",-0.124639999183231,9.93059686998122,0.0533345911707812,0.817359215698561,0.875396556458222
"1114",0.0887314949533244,8.86416201995164,0.0512160666862098,0.820960577994479,0.877954886954214
"2435",0.0881536680252593,8.91526909870091,0.0477596733684891,0.827008499699143,0.883118220917669
"446",-0.0983193570143862,9.18075298678746,0.0462635128554325,0.829697504148043,0.884684820328694
"1029",-0.087030745429084,6.92180248113369,0.0425703225229928,0.836536451620178,0.89066528084266
"8",0.0919474434550149,10.7392676913767,0.0410341255060729,0.839472065307541,0.892478377801263
"725",0.0808797618422089,9.01257448849759,0.0403410845345764,0.840815160387029,0.892595566158665
"1412",-0.104452089262779,9.93556040323723,0.0374639719760665,0.846523458713239,0.897339654624282
"1409",-0.100075862558422,9.9350523430882,0.0341106027840183,0.853471751187539,0.903377597257029
"1411",-0.0870375838201415,10.4457326018793,0.0335277401046739,0.854714991879924,0.903377597257029
"1399",0.0718632530036071,6.63972465482165,0.0329026241229116,0.856060835745782,0.90348111527689
"1167",-0.0712618629555357,8.94995601958764,0.0297282183913778,0.863108348413901,0.90959307751334
"2189",-0.071886568778409,6.6754275972157,0.0262610500554707,0.871264420556488,0.916853837911188
"2178",0.0524790729890187,7.8474351637393,0.0210312133462053,0.884693956893879,0.928485147042636
"2698",0.0529428710843171,6.69511559577517,0.0209620992750992,0.884882253396988,0.928485147042636
"2889",0.052540236396905,6.78805615272314,0.0197172022110503,0.888329772007633,0.930753625084698
"243",0.04983729277287,8.80489135879646,0.0172454891268821,0.895520524432338,0.936931878163313
"869",0.0442355844423312,7.2111344141303,0.0145046956645021,0.904138217145469,0.94209787924183
"2092",-0.0416248957198637,8.12959716043374,0.014492316190907,0.904178936634335,0.94209787924183
"55",0.054734901633152,7.94935192963418,0.0144367537419381,0.904361914465569,0.94209787924183
"2310",-0.0407517956187798,8.17067509352096,0.013324183767141,0.908103961892047,0.944636879899198
"738",0.040626554320428,6.34884378039705,0.0128122769481469,0.909878869987445,0.945125253760273
"2820",0.0387197783239183,6.71672044399679,0.0105854304001434,0.918053829401559,0.951701235185892
"115",0.0452438272160566,10.8756151404696,0.010382949249113,0.918838623473672,0.951701235185892
"2112",0.0455339095544751,8.15343808285987,0.00998092005714568,0.920420100288238,0.951977360869549
"470",-0.0392271265911649,9.30194334540637,0.00957078078513796,0.922066993342829,0.952320261312708
"375",0.0387632975725971,9.38952906245917,0.00886742230522586,0.924976505123159,0.953964372805081
"2908",0.0311338737288749,6.61537920994474,0.00854010067314787,0.926370177184356,0.95404268603339
"2891",-0.0336887151512866,6.56602714950015,0.00805411303363357,0.928490085554921,0.954867644803641
"2699",0.0321572150462202,7.59676065994984,0.00749035027340783,0.931031746857576,0.954948732019195
"2073",-0.0329179131149334,7.50060973624893,0.00719226250572902,0.932414663140784,0.954948732019195
"1223",0.0291559382366599,6.53565934409998,0.00716854971540482,0.932525902676203,0.954948732019195
"589",-0.0394209743763798,10.4247627321439,0.00680281030955143,0.934265697123756,0.955379046211298
"1970",-0.0284099845349291,6.93468457937832,0.00460434760259076,0.94590078772721,0.965912793109309
"1847",-0.0276948756654193,7.8573723825743,0.00415538300125462,0.948602156512992,0.967306987768177
"2756",0.0216970276652545,7.75755728122424,0.00381945472862277,0.950720719999161,0.967758929218383
"1926",-0.0388395081612546,6.38232242995644,0.00365753148554759,0.951775312531826,0.967758929218383
"166",-0.0234997635929418,7.20316380683793,0.00331802786853785,0.954065397507999,0.967758929218383
"834",-0.0238353715468556,10.2463812372274,0.00327094749826706,0.954392093179455,0.967758929218383
"518",-0.0199164720442317,10.9165398608436,0.00202575680548378,0.96410060700168,0.975398573290652
"1908",-0.0190411691193788,10.1781626990065,0.00196744867220389,0.96462068850291,0.975398573290652
"2807",0.0131291769210027,6.75750152133543,0.00114779843437152,0.972973500353235,0.98149402527029
"1877",-0.0145111945916254,6.78594490846738,0.00111518414581457,0.973360096884072,0.98149402527029
"912",-0.0131998984253067,9.4440018371815,0.000985247686692503,0.974959588388413,0.981739557709612
"1361",-0.0115674654031166,6.66058652822692,0.000704014419406818,0.978831997273918,0.984269952814328
"471",0.00656801616525414,7.25489275966022,0.000223564922688269,0.988070404684628,0.992181654634772
"1445",0.00173431383855436,6.99336186650407,1.97298870285856e-05,0.996455941086265,0.999216206851046
"2751",0.00047818099344898,6.62519788080122,1.77345105778492e-06,0.998937449605291,0.999759227711333
"519",0.00012219068597116,10.0309899690155,9.10610999937944e-08,0.999759227711333,0.999759227711333
